flight_key,flight_id,airline_key,route_key,departure_date_key,arrival_date_key,departure_time,arrival_time,duration_minutes,is_overnight,is_anomaly
1,SJ010,3,15,20260420,20260421,2026-04-20 23:38:41.701,2026-04-21 02:32:41.701,174.0,True,False
2,AI155,1,7,20260420,20260421,2026-04-20 23:35:41.703,2026-04-21 01:23:41.703,108.0,True,False
3,UK094,5,7,20260420,20260421,2026-04-20 23:26:41.702,2026-04-21 01:11:41.702,105.0,True,False
4,AI245,1,7,20260420,20260421,2026-04-20 23:07:41.704,2026-04-21 01:43:41.704,156.0,True,False
5,AI192,1,27,20260420,20260421,2026-04-20 23:05:41.703,2026-04-21 04:04:41.703,299.0,True,False
6,SJ158,3,19,20260420,20260421,2026-04-20 23:05:41.703,2026-04-21 01:24:41.703,139.0,True,False
7,6F196,2,15,20260420,20260421,2026-04-20 23:04:41.703,2026-04-21 00:47:41.703,103.0,True,False
8,AI080,1,9,20260420,20260421,2026-04-20 23:03:41.702,2026-04-21 00:35:41.702,92.0,True,False
9,6F025,2,1,20260420,20260420,2026-04-20 23:02:41.701,2026-04-20 23:57:41.701,55.0,False,False
10,6F251,4,16,20260420,20260420,2026-04-20 22:56:41.703,2026-04-20 23:37:41.703,41.0,False,False
11,AI137,1,8,20260420,20260421,2026-04-20 22:49:41.702,2026-04-21 01:17:41.702,148.0,True,False
12,6F026,2,7,20260420,20260421,2026-04-20 22:46:42.000,2026-04-21 03:13:42.000,267.0,True,False
13,UK167,5,20,20260420,20260421,2026-04-20 22:45:41.703,2026-04-21 01:46:41.703,181.0,True,False
14,UK027,5,7,20260420,20260421,2026-04-20 22:44:41.701,2026-04-21 01:05:41.701,141.0,True,False
15,AI069,4,17,20260420,20260421,2026-04-20 22:43:41.702,2026-04-21 02:29:41.702,226.0,True,False
16,AI058,1,7,20260420,20260421,2026-04-20 22:40:41.701,2026-04-21 00:18:41.701,98.0,True,False
17,AI140,1,8,20260420,20260421,2026-04-20 22:25:41.702,2026-04-21 02:08:41.702,223.0,True,False
18,SJ239,3,7,20260420,20260421,2026-04-20 22:24:41.704,2026-04-21 00:10:41.704,106.0,True,False
19,6F099,2,29,20260420,20260420,2026-04-20 22:24:41.702,2026-04-20 22:59:41.702,35.0,False,False
20,AI048,1,13,20260420,20260421,2026-04-20 22:23:41.701,2026-04-21 02:15:41.701,232.0,True,False
21,SJ112,3,24,20260420,20260421,2026-04-20 22:20:41.702,2026-04-21 00:40:41.702,140.0,True,False
22,6F164,2,1,20260420,20260421,2026-04-20 22:18:41.703,2026-04-21 00:45:41.703,147.0,True,False
23,UK021,5,25,20260420,20260420,2026-04-20 22:00:41.701,2026-04-20 23:50:41.701,110.0,False,False
24,SJ172,3,13,20260420,20260421,2026-04-20 21:58:41.703,2026-04-21 01:14:41.703,196.0,True,False
25,AI060,1,19,20260420,20260420,2026-04-20 21:58:41.701,2026-04-20 23:51:41.701,113.0,False,False
26,SJ205,3,23,20260420,20260420,2026-04-20 21:56:41.703,2026-04-20 23:00:41.703,64.0,False,False
27,SJ093,3,1,20260420,20260420,2026-04-20 21:55:41.702,2026-04-20 23:01:41.702,66.0,False,False
28,6F195,2,13,20260420,20260420,2026-04-20 21:44:41.703,2026-04-20 22:39:41.703,55.0,False,False
29,UK003,4,24,20260420,20260421,2026-04-20 21:41:41.700,2026-04-21 02:19:41.700,278.0,True,False
30,UK026,5,25,20260420,20260420,2026-04-20 21:38:41.701,2026-04-20 23:44:41.701,126.0,False,False
31,6F174,2,19,20260420,20260420,2026-04-20 21:36:41.703,2026-04-20 22:16:41.703,40.0,False,False
32,UK067,5,7,20260420,20260421,2026-04-20 21:36:41.701,2026-04-21 01:02:41.701,206.0,True,False
33,SJ149,3,25,20260420,20260420,2026-04-20 21:20:41.702,2026-04-20 23:20:42.000,120.0,False,False
34,6F213,2,1,20260420,20260421,2026-04-20 21:05:41.703,2026-04-21 00:32:41.703,207.0,True,False
35,UK200,5,13,20260420,20260420,2026-04-20 20:54:41.703,2026-04-20 22:45:41.703,111.0,False,False
36,SJ214,3,10,20260420,20260420,2026-04-20 20:54:41.703,2026-04-20 22:10:41.703,76.0,False,False
37,SJ047,3,22,20260420,20260420,2026-04-20 20:44:41.701,2026-04-20 21:21:41.701,37.0,False,False
38,AI179,1,22,20260420,20260421,2026-04-20 20:41:41.703,2026-04-21 01:19:41.703,278.0,True,False
39,SJ153,3,18,20260420,20260420,2026-04-20 20:37:41.702,2026-04-20 22:00:41.702,83.0,False,False
40,6F236,2,8,20260420,20260420,2026-04-20 20:35:41.704,2026-04-20 23:54:41.704,199.0,False,False
41,UK059,5,25,20260420,20260420,2026-04-20 20:33:41.701,2026-04-20 22:10:41.701,97.0,False,False
42,SJ001,3,10,20260420,20260421,2026-04-20 20:28:41.700,2026-04-21 01:15:41.700,287.0,True,False
43,SJ049,3,13,20260420,20260421,2026-04-20 20:26:41.701,2026-04-21 00:26:41.701,240.0,True,False
44,6F086,2,30,20260420,20260420,2026-04-20 20:23:41.702,2026-04-20 21:00:41.702,37.0,False,False
45,AI220,1,8,20260420,20260420,2026-04-20 20:19:41.703,2026-04-20 21:57:41.703,98.0,False,False
46,AI188,1,14,20260420,20260420,2026-04-20 20:16:41.703,2026-04-20 23:02:41.703,166.0,False,False
47,6F114,2,10,20260420,20260420,2026-04-20 20:10:41.702,2026-04-20 21:00:41.702,50.0,False,False
48,SJ179,3,19,20260420,20260420,2026-04-20 20:09:41.703,2026-04-20 23:39:41.703,210.0,False,False
49,6F190,2,20,20260420,20260421,2026-04-20 20:02:41.703,2026-04-21 00:36:41.703,274.0,True,False
50,SJ003,3,28,20260420,20260420,2026-04-20 19:50:41.701,2026-04-20 20:32:41.701,42.0,False,False
51,6F028,2,23,20260420,20260420,2026-04-20 19:49:41.701,2026-04-20 21:49:41.701,120.0,False,False
52,UK036,5,11,20260420,20260421,2026-04-20 19:48:41.701,2026-04-21 00:12:41.701,264.0,True,False
53,SJ160,3,26,20260420,20260420,2026-04-20 19:45:41.703,2026-04-20 20:30:41.703,45.0,False,False
54,6F151,2,14,20260420,20260420,2026-04-20 19:44:41.703,2026-04-20 22:04:41.703,140.0,False,False
55,UK140,5,26,20260420,20260420,2026-04-20 19:37:41.703,2026-04-20 21:00:41.703,83.0,False,False
56,AI115,1,26,20260420,20260421,2026-04-20 19:37:41.702,2026-04-21 00:26:41.702,289.0,True,False
57,AI132,1,1,20260420,20260420,2026-04-20 19:32:41.702,2026-04-20 21:41:41.702,129.0,False,False
58,UK209,4,26,20260420,20260420,2026-04-20 19:02:41.704,2026-04-20 21:47:41.704,165.0,False,False
59,SJ043,4,29,20260420,20260420,2026-04-20 18:59:41.701,2026-04-20 21:08:41.701,129.0,False,False
60,UK176,5,21,20260420,20260420,2026-04-20 18:41:41.703,2026-04-20 22:49:41.703,248.0,False,False
61,UK216,5,30,20260420,20260420,2026-04-20 18:33:41.704,2026-04-20 21:47:41.704,194.0,False,False
62,UK150,5,18,20260420,20260420,2026-04-20 18:31:41.703,2026-04-20 19:01:41.703,30.0,False,False
63,UK145,5,9,20260420,20260420,2026-04-20 18:30:41.703,2026-04-20 20:41:41.703,131.0,False,False
64,6F270,4,25,20260420,20260420,2026-04-20 18:14:41.701,2026-04-20 19:02:41.701,48.0,False,False
65,6F012,2,14,20260420,20260420,2026-04-20 18:06:41.701,2026-04-20 21:31:41.701,205.0,False,False
66,SJ236,3,27,20260420,20260420,2026-04-20 18:03:41.704,2026-04-20 22:02:41.704,239.0,False,False
67,6F149,2,2,20260420,20260420,2026-04-20 17:57:41.703,2026-04-20 20:42:41.703,165.0,False,False
68,UK004,5,7,20260420,20260420,2026-04-20 17:56:41.700,2026-04-20 18:30:41.700,34.0,False,False
69,UK010,5,30,20260420,20260420,2026-04-20 17:53:41.701,2026-04-20 20:40:41.701,167.0,False,False
70,UK215,5,8,20260420,20260420,2026-04-20 17:38:41.704,2026-04-20 19:50:41.704,132.0,False,False
71,SJ116,3,23,20260420,20260420,2026-04-20 17:33:41.702,2026-04-20 19:02:41.702,89.0,False,False
72,SJ023,3,25,20260420,20260420,2026-04-20 17:27:41.701,2026-04-20 19:09:41.701,102.0,False,False
73,UK152,5,7,20260420,20260420,2026-04-20 17:24:41.703,2026-04-20 20:13:41.703,169.0,False,False
74,SJ202,3,14,20260420,20260420,2026-04-20 17:21:41.703,2026-04-20 19:08:41.703,107.0,False,False
75,6F043,2,9,20260420,20260420,2026-04-20 17:17:41.701,2026-04-20 18:43:41.701,86.0,False,False
76,UK173,5,26,20260420,20260420,2026-04-20 17:06:41.703,2026-04-20 21:22:41.703,256.0,False,False
77,SJ081,3,6,20260420,20260420,2026-04-20 17:04:41.702,2026-04-20 18:53:41.702,109.0,False,False
78,UK153,5,14,20260420,20260420,2026-04-20 16:52:41.703,2026-04-20 20:53:41.703,241.0,False,False
79,UK187,5,1,20260420,20260420,2026-04-20 16:52:41.703,2026-04-20 18:42:41.703,110.0,False,False
80,UK055,5,24,20260420,20260420,2026-04-20 16:48:41.701,2026-04-20 19:31:41.701,163.0,False,False
81,UK181,5,29,20260420,20260420,2026-04-20 16:44:41.703,2026-04-20 19:26:41.703,162.0,False,False
82,UK074,5,8,20260420,20260420,2026-04-20 16:44:41.702,2026-04-20 18:41:41.702,117.0,False,False
83,SJ068,3,1,20260420,20260420,2026-04-20 16:44:41.701,2026-04-20 18:48:41.701,124.0,False,False
84,AI242,4,2,20260420,20260420,2026-04-20 16:41:41.704,2026-04-20 17:43:41.704,62.0,False,False
85,SJ237,3,7,20260420,20260420,2026-04-20 16:32:41.704,2026-04-20 19:00:41.704,148.0,False,False
86,6F194,2,7,20260420,20260420,2026-04-20 16:29:41.703,2026-04-20 18:27:41.703,118.0,False,False
87,UK063,5,17,20260420,20260420,2026-04-20 16:29:41.701,2026-04-20 17:41:41.701,72.0,False,False
88,UK068,5,5,20260420,20260420,2026-04-20 16:28:41.701,2026-04-20 18:09:41.701,101.0,False,False
89,UK224,4,15,20260420,20260420,2026-04-20 16:25:41.704,2026-04-20 20:24:41.704,239.0,False,False
90,UK077,4,22,20260420,20260420,2026-04-20 16:22:41.702,2026-04-20 18:00:41.702,98.0,False,False
91,UK207,5,28,20260420,20260420,2026-04-20 16:21:41.703,2026-04-20 17:36:41.703,75.0,False,False
92,AI221,1,30,20260420,20260420,2026-04-20 16:18:41.703,2026-04-20 18:54:41.703,156.0,False,False
93,UK109,5,1,20260420,20260420,2026-04-20 16:06:41.702,2026-04-20 17:06:42.000,60.0,False,False
94,UK089,5,9,20260420,20260420,2026-04-20 15:38:41.702,2026-04-20 19:50:41.702,252.0,False,False
95,AI072,1,2,20260420,20260420,2026-04-20 15:34:41.702,2026-04-20 16:32:41.702,58.0,False,False
96,UK131,5,8,20260420,20260420,2026-04-20 15:33:41.702,2026-04-20 19:39:41.702,246.0,False,False
97,SJ150,3,9,20260420,20260420,2026-04-20 15:33:41.702,2026-04-20 19:03:41.702,210.0,False,False
98,6F097,2,1,20260420,20260420,2026-04-20 15:32:41.702,2026-04-20 16:49:41.702,77.0,False,False
99,6F123,2,19,20260420,20260420,2026-04-20 15:26:41.702,2026-04-20 17:12:41.702,106.0,False,False
100,6F017,2,12,20260420,20260420,2026-04-20 15:25:41.701,2026-04-20 18:06:41.701,161.0,False,False
101,6F245,2,12,20260420,20260420,2026-04-20 15:25:41.701,2026-04-20 18:06:41.701,161.0,False,False
102,6F180,2,26,20260420,20260420,2026-04-20 15:24:41.703,2026-04-20 19:48:41.703,264.0,False,False
103,6F152,2,13,20260420,20260420,2026-04-20 15:21:41.703,2026-04-20 17:25:41.703,124.0,False,False
104,SJ034,3,27,20260420,20260420,2026-04-20 15:20:41.701,2026-04-20 20:11:41.701,291.0,False,False
105,SJ142,3,12,20260420,20260420,2026-04-20 15:14:41.702,2026-04-20 16:56:41.702,102.0,False,False
106,UK189,5,5,20260420,20260420,2026-04-20 15:07:41.703,2026-04-20 18:51:41.703,224.0,False,False
107,SJ044,3,18,20260420,20260420,2026-04-20 15:06:41.701,2026-04-20 17:43:41.701,157.0,False,False
108,SJ196,3,19,20260420,20260420,2026-04-20 14:58:41.703,2026-04-20 17:44:41.703,166.0,False,False
109,6F188,2,19,20260420,20260420,2026-04-20 14:57:41.703,2026-04-20 19:39:41.703,282.0,False,False
110,6F181,2,10,20260420,20260420,2026-04-20 14:55:41.703,2026-04-20 16:43:41.703,108.0,False,False
111,6F077,2,13,20260420,20260420,2026-04-20 14:55:41.702,2026-04-20 19:13:41.702,258.0,False,False
112,SJ154,3,4,20260420,20260420,2026-04-20 14:47:41.702,2026-04-20 16:26:41.702,99.0,False,False
113,AI025,1,24,20260420,20260420,2026-04-20 14:46:41.701,2026-04-20 17:11:41.701,145.0,False,False
114,AI094,1,16,20260420,20260420,2026-04-20 14:44:41.702,2026-04-20 15:44:42.000,60.0,False,False
115,6F191,2,3,20260420,20260420,2026-04-20 14:41:41.703,2026-04-20 15:11:41.703,30.0,False,False
116,SJ085,3,5,20260420,20260420,2026-04-20 14:41:41.702,2026-04-20 19:11:41.702,270.0,False,False
117,6F261,4,13,20260420,20260420,2026-04-20 14:31:41.703,2026-04-20 17:29:41.703,178.0,False,False
118,6F129,2,18,20260420,20260420,2026-04-20 14:28:41.702,2026-04-20 16:47:41.702,139.0,False,False
119,6F254,4,26,20260420,20260420,2026-04-20 14:26:41.703,2026-04-20 18:01:41.703,215.0,False,False
120,SJ185,3,7,20260420,20260420,2026-04-20 14:21:41.703,2026-04-20 15:21:41.703,60.0,False,False
121,6F030,2,8,20260420,20260420,2026-04-20 14:20:41.701,2026-04-20 17:10:41.701,170.0,False,False
122,SJ222,3,8,20260420,20260420,2026-04-20 14:15:41.703,2026-04-20 17:09:41.703,174.0,False,False
123,6F259,4,8,20260420,20260420,2026-04-20 14:10:41.703,2026-04-20 15:21:41.703,71.0,False,False
124,UK083,5,19,20260420,20260420,2026-04-20 14:10:41.702,2026-04-20 14:59:41.702,49.0,False,False
125,6F051,2,1,20260420,20260420,2026-04-20 13:58:41.701,2026-04-20 15:58:41.701,120.0,False,False
126,SJ088,3,15,20260420,20260420,2026-04-20 13:54:41.702,2026-04-20 14:26:41.702,32.0,False,False
127,6F146,2,25,20260420,20260420,2026-04-20 13:51:41.703,2026-04-20 15:07:41.703,76.0,False,False
128,6F047,2,29,20260420,20260420,2026-04-20 13:50:41.701,2026-04-20 15:55:41.701,125.0,False,False
129,AI077,1,14,20260420,20260420,2026-04-20 13:45:41.702,2026-04-20 14:51:41.702,66.0,False,False
130,UK134,5,23,20260420,20260420,2026-04-20 13:44:41.702,2026-04-20 17:26:41.702,222.0,False,False
131,AI056,1,20,20260420,20260420,2026-04-20 13:44:41.701,2026-04-20 17:39:41.701,235.0,False,False
132,UK141,4,25,20260420,20260420,2026-04-20 13:38:41.703,2026-04-20 15:59:41.703,141.0,False,False
133,AI030,1,14,20260420,20260420,2026-04-20 13:33:41.701,2026-04-20 16:52:41.701,199.0,False,False
134,AI029,1,29,20260420,20260420,2026-04-20 13:29:41.701,2026-04-20 17:53:41.701,264.0,False,False
135,SJ167,3,28,20260420,20260420,2026-04-20 13:18:41.703,2026-04-20 14:12:41.703,54.0,False,False
136,UK017,5,4,20260420,20260420,2026-04-20 13:14:41.701,2026-04-20 14:49:41.701,95.0,False,False
137,6F229,2,29,20260420,20260420,2026-04-20 13:10:41.704,2026-04-20 14:30:41.704,80.0,False,False
138,SJ117,3,26,20260420,20260420,2026-04-20 13:10:41.702,2026-04-20 17:06:41.702,236.0,False,False
139,6F184,2,27,20260420,20260420,2026-04-20 13:05:41.703,2026-04-20 16:04:41.703,179.0,False,False
140,AI031,1,20,20260420,20260420,2026-04-20 13:05:41.701,2026-04-20 16:11:41.701,186.0,False,False
141,AI178,1,11,20260420,20260420,2026-04-20 13:04:41.703,2026-04-20 14:03:41.703,59.0,False,False
142,SJ089,3,23,20260420,20260420,2026-04-20 12:42:41.702,2026-04-20 17:15:41.702,273.0,False,False
143,UK166,5,25,20260420,20260420,2026-04-20 12:39:41.703,2026-04-20 17:32:41.703,293.0,False,False
144,UK104,5,17,20260420,20260420,2026-04-20 12:30:41.702,2026-04-20 13:52:41.702,82.0,False,False
145,6F168,2,24,20260420,20260420,2026-04-20 12:18:41.703,2026-04-20 15:58:41.703,220.0,False,False
146,AI222,4,8,20260420,20260420,2026-04-20 12:10:41.703,2026-04-20 13:14:41.703,64.0,False,False
147,SJ025,3,7,20260420,20260420,2026-04-20 12:02:41.701,2026-04-20 15:29:41.701,207.0,False,False
148,6F255,4,17,20260420,20260420,2026-04-20 11:59:41.703,2026-04-20 15:33:41.703,214.0,False,False
149,UK228,5,20,20260420,20260420,2026-04-20 11:58:41.704,2026-04-20 15:08:41.704,190.0,False,False
150,6F158,2,15,20260420,20260420,2026-04-20 11:58:41.703,2026-04-20 16:04:41.703,246.0,False,False
151,SJ218,3,19,20260420,20260420,2026-04-20 11:58:41.703,2026-04-20 15:03:41.703,185.0,False,False
152,6F034,2,8,20260420,20260420,2026-04-20 11:53:41.701,2026-04-20 12:49:41.701,56.0,False,False
153,UK156,5,26,20260420,20260420,2026-04-20 11:50:41.703,2026-04-20 15:54:41.703,244.0,False,False
154,6F105,2,1,20260420,20260420,2026-04-20 11:46:41.702,2026-04-20 12:58:41.702,72.0,False,False
155,6F073,2,18,20260420,20260420,2026-04-20 11:38:41.702,2026-04-20 15:18:41.702,220.0,False,False
156,SJ074,3,18,20260420,20260420,2026-04-20 11:21:41.701,2026-04-20 12:02:41.701,41.0,False,False
157,6F234,2,8,20260420,20260420,2026-04-20 11:20:41.704,2026-04-20 14:11:41.704,171.0,False,False
158,6F068,2,4,20260420,20260420,2026-04-20 11:17:41.701,2026-04-20 15:06:41.701,229.0,False,False
159,6F074,2,22,20260420,20260420,2026-04-20 11:09:41.702,2026-04-20 14:29:41.702,200.0,False,False
160,AI038,1,25,20260420,20260420,2026-04-20 11:05:41.701,2026-04-20 15:44:41.701,279.0,False,False
161,AI079,1,11,20260420,20260420,2026-04-20 11:04:41.702,2026-04-20 13:19:41.702,135.0,False,False
162,SJ018,3,7,20260420,20260420,2026-04-20 10:58:41.701,2026-04-20 13:31:41.701,153.0,False,False
163,6F018,2,16,20260420,20260420,2026-04-20 10:57:41.701,2026-04-20 11:43:41.701,46.0,False,False
164,AI091,1,15,20260420,20260420,2026-04-20 10:52:41.702,2026-04-20 15:15:41.702,263.0,False,False
165,UK071,5,19,20260420,20260420,2026-04-20 10:50:41.701,2026-04-20 14:06:41.701,196.0,False,False
166,AI019,1,7,20260420,20260420,2026-04-20 10:49:41.701,2026-04-20 11:51:41.701,62.0,False,False
167,UK212,5,25,20260420,20260420,2026-04-20 10:46:41.704,2026-04-20 11:31:41.704,45.0,False,False
168,AI146,1,3,20260420,20260420,2026-04-20 10:40:41.702,2026-04-20 13:46:41.702,186.0,False,False
169,6F232,2,26,20260420,20260420,2026-04-20 10:39:41.704,2026-04-20 12:22:41.704,103.0,False,False
170,6F084,2,14,20260420,20260420,2026-04-20 10:34:41.702,2026-04-20 11:34:42.000,60.0,False,False
171,AI129,1,7,20260420,20260420,2026-04-20 10:29:41.702,2026-04-20 13:38:41.702,189.0,False,False
172,AI240,1,29,20260420,20260420,2026-04-20 10:19:41.704,2026-04-20 12:46:41.704,147.0,False,False
173,6F091,2,2,20260420,20260420,2026-04-20 10:10:41.702,2026-04-20 11:36:41.702,86.0,False,False
174,UK133,5,8,20260420,20260420,2026-04-20 10:04:41.702,2026-04-20 13:16:41.702,192.0,False,False
175,SJ007,3,7,20260420,20260420,2026-04-20 10:03:41.701,2026-04-20 14:53:41.701,290.0,False,False
176,SJ141,3,13,20260420,20260420,2026-04-20 10:00:41.702,2026-04-20 13:37:41.702,217.0,False,False
177,6F049,2,24,20260420,20260420,2026-04-20 10:00:41.701,2026-04-20 13:13:41.701,193.0,False,False
178,SJ235,3,8,20260420,20260420,2026-04-20 09:57:41.704,2026-04-20 13:45:41.704,228.0,False,False
179,UK087,5,25,20260420,20260420,2026-04-20 09:49:41.702,2026-04-20 13:17:41.702,208.0,False,False
180,UK170,5,6,20260420,20260420,2026-04-20 09:42:41.703,2026-04-20 11:32:41.703,110.0,False,False
181,SJ078,3,19,20260420,20260420,2026-04-20 09:41:41.701,2026-04-20 12:49:41.701,188.0,False,False
182,SJ075,3,26,20260420,20260420,2026-04-20 09:26:41.701,2026-04-20 11:03:41.701,97.0,False,False
183,AI159,1,21,20260420,20260420,2026-04-20 09:23:41.703,2026-04-20 11:36:41.703,133.0,False,False
184,UK120,5,24,20260420,20260420,2026-04-20 09:19:41.702,2026-04-20 13:30:41.702,251.0,False,False
185,AI059,1,13,20260420,20260420,2026-04-20 09:16:41.701,2026-04-20 11:43:41.701,147.0,False,False
186,UK040,5,23,20260420,20260420,2026-04-20 09:15:41.701,2026-04-20 10:32:41.701,77.0,False,False
187,AI044,4,26,20260420,20260420,2026-04-20 09:03:41.701,2026-04-20 12:36:41.701,213.0,False,False
188,AI078,1,17,20260420,20260420,2026-04-20 08:58:41.702,2026-04-20 13:28:41.702,270.0,False,False
189,SJ226,3,22,20260420,20260420,2026-04-20 08:47:41.704,2026-04-20 12:54:41.704,247.0,False,False
190,6F209,2,28,20260420,20260420,2026-04-20 08:40:41.703,2026-04-20 13:40:41.703,300.0,False,False
191,UK193,5,24,20260420,20260420,2026-04-20 08:39:41.703,2026-04-20 09:14:41.703,35.0,False,False
192,6F092,2,26,20260420,20260420,2026-04-20 08:39:41.702,2026-04-20 09:15:41.702,36.0,False,False
193,AI208,1,1,20260420,20260420,2026-04-20 08:38:41.703,2026-04-20 11:52:41.703,194.0,False,False
194,SJ227,3,7,20260420,20260420,2026-04-20 08:32:41.704,2026-04-20 12:53:41.704,261.0,False,False
195,6F238,2,8,20260420,20260420,2026-04-20 08:31:41.704,2026-04-20 09:19:41.704,48.0,False,False
196,AI084,1,9,20260420,20260420,2026-04-20 08:31:41.702,2026-04-20 09:46:41.702,75.0,False,False
197,SJ228,3,7,20260420,20260420,2026-04-20 08:29:41.704,2026-04-20 12:16:41.704,227.0,False,False
198,UK194,5,12,20260420,20260420,2026-04-20 08:26:41.703,2026-04-20 09:26:42.000,60.0,False,False
199,6F126,2,15,20260420,20260420,2026-04-20 08:21:41.702,2026-04-20 09:39:41.702,78.0,False,False
200,SJ052,3,26,20260420,20260420,2026-04-20 08:20:41.701,2026-04-20 09:57:41.701,97.0,False,False
201,AI233,1,1,20260420,20260420,2026-04-20 08:04:41.704,2026-04-20 09:52:41.704,108.0,False,False
202,AI213,1,23,20260420,20260420,2026-04-20 08:03:41.703,2026-04-20 09:14:41.703,71.0,False,False
203,UK076,5,28,20260420,20260420,2026-04-20 08:03:41.702,2026-04-20 12:26:41.702,263.0,False,False
204,SJ022,3,16,20260420,20260420,2026-04-20 07:56:41.701,2026-04-20 11:07:41.701,191.0,False,False
205,SJ002,3,17,20260420,20260420,2026-04-20 07:54:41.701,2026-04-20 12:40:41.701,286.0,False,False
206,AI163,1,25,20260420,20260420,2026-04-20 07:45:41.703,2026-04-20 08:46:41.703,61.0,False,False
207,UK229,4,24,20260420,20260420,2026-04-20 07:40:41.704,2026-04-20 11:57:41.704,257.0,False,False
208,UK185,5,20,20260420,20260420,2026-04-20 07:31:41.703,2026-04-20 08:48:41.703,77.0,False,False
209,6F029,2,6,20260420,20260420,2026-04-20 07:31:41.701,2026-04-20 11:45:41.701,254.0,False,False
210,6F056,2,10,20260420,20260420,2026-04-20 07:00:41.701,2026-04-20 08:49:41.701,109.0,False,False
211,AI062,1,29,20260420,20260420,2026-04-20 06:49:41.701,2026-04-20 07:25:41.701,36.0,False,False
212,UK034,5,16,20260420,20260420,2026-04-20 06:47:41.701,2026-04-20 10:11:41.701,204.0,False,False
213,UK079,5,16,20260420,20260420,2026-04-20 06:43:41.702,2026-04-20 10:34:41.702,231.0,False,False
214,AI135,1,1,20260420,20260420,2026-04-20 06:40:41.702,2026-04-20 09:21:41.702,161.0,False,False
215,SJ061,3,26,20260420,20260420,2026-04-20 06:38:41.701,2026-04-20 09:35:41.701,177.0,False,False
216,AI047,4,15,20260420,20260420,2026-04-20 06:36:41.701,2026-04-20 07:23:41.701,47.0,False,False
217,UK210,5,18,20260420,20260420,2026-04-20 06:35:41.704,2026-04-20 07:30:41.704,55.0,False,False
218,AI088,4,29,20260420,20260420,2026-04-20 06:34:41.702,2026-04-20 10:10:41.702,216.0,False,False
219,UK177,5,19,20260420,20260420,2026-04-20 06:21:41.703,2026-04-20 10:50:41.703,269.0,False,False
220,AI128,4,7,20260420,20260420,2026-04-20 06:07:41.702,2026-04-20 10:03:41.702,236.0,False,False
221,AI158,1,13,20260420,20260420,2026-04-20 06:04:41.703,2026-04-20 09:01:41.703,177.0,False,False
222,UK206,5,26,20260420,20260420,2026-04-20 06:01:41.703,2026-04-20 10:34:41.703,273.0,False,False
223,SJ138,4,1,20260420,20260420,2026-04-20 05:55:41.702,2026-04-20 06:43:41.702,48.0,False,False
224,AI034,1,17,20260420,20260420,2026-04-20 05:48:41.701,2026-04-20 10:31:41.701,283.0,False,False
225,AI012,1,7,20260420,20260420,2026-04-20 05:44:41.701,2026-04-20 09:47:41.701,243.0,False,False
226,6F083,2,3,20260420,20260420,2026-04-20 05:24:41.702,2026-04-20 06:03:41.702,39.0,False,False
227,SJ083,3,26,20260420,20260420,2026-04-20 05:13:41.702,2026-04-20 08:17:41.702,184.0,False,False
228,SJ186,3,13,20260420,20260420,2026-04-20 05:11:41.703,2026-04-20 07:22:41.703,131.0,False,False
229,UK001,5,13,20260420,20260420,2026-04-20 05:06:41.700,2026-04-20 06:31:41.700,85.0,False,False
230,AI217,1,11,20260420,20260420,2026-04-20 04:57:41.703,2026-04-20 07:14:41.703,137.0,False,False
231,6F178,2,7,20260420,20260420,2026-04-20 04:48:41.703,2026-04-20 09:11:41.703,263.0,False,False
232,UK015,5,1,20260420,20260420,2026-04-20 04:46:41.701,2026-04-20 06:33:41.701,107.0,False,False
233,AI112,1,16,20260420,20260420,2026-04-20 04:41:41.702,2026-04-20 08:24:41.702,223.0,False,False
234,UK100,5,11,20260420,20260420,2026-04-20 04:40:41.702,2026-04-20 07:12:41.702,152.0,False,False
235,6F133,2,26,20260420,20260420,2026-04-20 04:38:41.702,2026-04-20 06:25:41.702,107.0,False,False
236,AI227,1,5,20260420,20260420,2026-04-20 04:31:41.703,2026-04-20 08:17:41.703,226.0,False,False
237,UK093,5,23,20260420,20260420,2026-04-20 04:31:41.702,2026-04-20 05:21:41.702,50.0,False,False
238,UK203,5,4,20260420,20260420,2026-04-20 04:12:41.703,2026-04-20 05:24:41.703,72.0,False,False
239,UK154,5,30,20260420,20260420,2026-04-20 04:00:41.703,2026-04-20 07:57:41.703,237.0,False,False
240,UK073,5,2,20260420,20260420,2026-04-20 03:59:41.702,2026-04-20 08:09:41.702,250.0,False,False
241,AI164,1,16,20260420,20260420,2026-04-20 03:57:41.703,2026-04-20 05:45:41.703,108.0,False,False
242,UK008,5,11,20260420,20260420,2026-04-20 03:57:41.701,2026-04-20 04:34:41.701,37.0,False,False
243,UK051,5,24,20260420,20260420,2026-04-20 03:55:41.701,2026-04-20 06:55:41.701,180.0,False,False
244,UK208,5,18,20260420,20260420,2026-04-20 03:54:41.704,2026-04-20 08:51:41.704,297.0,False,False
245,AI150,1,8,20260420,20260420,2026-04-20 03:51:41.703,2026-04-20 04:38:41.703,47.0,False,False
246,AI189,1,13,20260420,20260420,2026-04-20 03:44:41.703,2026-04-20 05:32:41.703,108.0,False,False
247,6F230,2,11,20260420,20260420,2026-04-20 03:34:41.704,2026-04-20 06:47:41.704,193.0,False,False
248,6F169,2,8,20260420,20260420,2026-04-20 03:27:41.703,2026-04-20 08:06:41.703,279.0,False,False
249,AI205,1,1,20260420,20260420,2026-04-20 03:26:41.703,2026-04-20 05:14:41.703,108.0,False,False
250,AI103,1,1,20260420,20260420,2026-04-20 03:26:41.702,2026-04-20 04:04:41.702,38.0,False,False
251,6F250,4,16,20260420,20260420,2026-04-20 03:26:41.701,2026-04-20 07:30:41.701,244.0,False,False
252,AI246,1,6,20260420,20260420,2026-04-20 03:22:41.704,2026-04-20 06:41:41.704,199.0,False,False
253,6F187,2,10,20260420,20260420,2026-04-20 03:19:41.703,2026-04-20 07:37:41.703,258.0,False,False
254,AI082,1,18,20260420,20260420,2026-04-20 03:19:41.702,2026-04-20 06:01:41.702,162.0,False,False
255,UK116,5,12,20260420,20260420,2026-04-20 03:18:41.702,2026-04-20 07:06:41.702,228.0,False,False
256,SJ169,3,10,20260420,20260420,2026-04-20 03:10:41.703,2026-04-20 07:56:41.703,286.0,False,False
257,AI175,1,9,20260420,20260420,2026-04-20 03:08:41.703,2026-04-20 06:55:41.703,227.0,False,False
258,SJ098,3,25,20260420,20260420,2026-04-20 03:02:41.702,2026-04-20 03:37:41.702,35.0,False,False
259,SJ191,3,1,20260420,20260420,2026-04-20 03:01:41.703,2026-04-20 04:23:41.703,82.0,False,False
260,SJ017,3,20,20260420,20260420,2026-04-20 02:57:41.701,2026-04-20 05:00:41.701,123.0,False,False
261,UK188,5,26,20260420,20260420,2026-04-20 02:55:41.703,2026-04-20 03:44:41.703,49.0,False,False
262,AI196,1,30,20260420,20260420,2026-04-20 02:52:41.703,2026-04-20 04:25:41.703,93.0,False,False
263,AI068,1,6,20260420,20260420,2026-04-20 02:48:41.702,2026-04-20 04:48:42.000,120.0,False,False
264,SJ097,3,7,20260420,20260420,2026-04-20 02:37:41.702,2026-04-20 05:27:41.702,170.0,False,False
265,SJ030,3,19,20260420,20260420,2026-04-20 02:36:41.701,2026-04-20 03:19:41.701,43.0,False,False
266,6F179,2,25,20260420,20260420,2026-04-20 02:25:41.703,2026-04-20 06:40:41.703,255.0,False,False
267,6F156,2,27,20260420,20260420,2026-04-20 02:23:41.703,2026-04-20 04:57:41.703,154.0,False,False
268,6F250,4,11,20260420,20260420,2026-04-20 02:23:41.702,2026-04-20 02:56:41.702,33.0,False,False
269,SJ057,3,7,20260420,20260420,2026-04-20 02:17:41.701,2026-04-20 05:29:41.701,192.0,False,False
270,6F036,2,11,20260420,20260420,2026-04-20 02:14:41.701,2026-04-20 06:57:41.701,283.0,False,False
271,6F201,2,12,20260420,20260420,2026-04-20 02:09:41.703,2026-04-20 06:49:41.703,280.0,False,False
272,6F143,2,13,20260420,20260420,2026-04-20 02:09:41.702,2026-04-20 06:08:41.702,239.0,False,False
273,6F177,2,25,20260420,20260420,2026-04-20 02:03:41.703,2026-04-20 04:25:41.703,142.0,False,False
274,6F031,2,6,20260420,20260420,2026-04-20 02:00:41.701,2026-04-20 06:37:41.701,277.0,False,False
275,UK165,5,16,20260420,20260420,2026-04-20 01:51:41.703,2026-04-20 06:04:41.703,253.0,False,False
276,6F122,2,16,20260420,20260420,2026-04-20 01:44:41.702,2026-04-20 05:28:41.702,224.0,False,False
277,AI009,4,18,20260420,20260420,2026-04-20 01:31:41.701,2026-04-20 04:05:41.701,154.0,False,False
278,6F046,2,16,20260420,20260420,2026-04-20 01:27:41.701,2026-04-20 05:08:41.701,221.0,False,False
279,AI051,1,26,20260420,20260420,2026-04-20 01:27:41.701,2026-04-20 02:22:41.701,55.0,False,False
280,UK222,5,7,20260420,20260420,2026-04-20 01:22:41.704,2026-04-20 02:57:41.704,95.0,False,False
281,SJ127,3,8,20260420,20260420,2026-04-20 01:21:41.702,2026-04-20 03:58:41.702,157.0,False,False
282,AI226,4,4,20260420,20260420,2026-04-20 01:19:41.703,2026-04-20 04:08:41.703,169.0,False,False
283,AI216,1,7,20260420,20260420,2026-04-20 01:10:41.703,2026-04-20 02:34:41.703,84.0,False,False
284,6F058,2,7,20260420,20260420,2026-04-20 01:04:41.701,2026-04-20 03:33:41.701,149.0,False,False
285,SJ207,3,18,20260420,20260420,2026-04-20 00:52:41.703,2026-04-20 04:05:41.703,193.0,False,False
286,SJ198,3,12,20260420,20260420,2026-04-20 00:47:41.703,2026-04-20 05:28:41.703,281.0,False,False
287,SJ108,3,4,20260420,20260420,2026-04-20 00:40:41.702,2026-04-20 03:16:41.702,156.0,False,False
288,SJ155,3,18,20260420,20260420,2026-04-20 00:38:41.702,2026-04-20 05:38:41.702,300.0,False,False
289,6F193,2,10,20260420,20260420,2026-04-20 00:34:41.703,2026-04-20 02:32:41.703,118.0,False,False
290,6F019,2,1,20260420,20260420,2026-04-20 00:19:41.701,2026-04-20 04:14:41.701,235.0,False,False
291,AI102,1,11,20260420,20260420,2026-04-20 00:17:41.702,2026-04-20 05:08:41.702,291.0,False,False
292,6F166,2,7,20260420,20260420,2026-04-20 00:03:41.703,2026-04-20 04:33:41.703,270.0,False,False
293,UK175,5,1,20260419,20260420,2026-04-19 23:56:41.703,2026-04-20 03:18:41.703,202.0,True,False
294,6F010,2,16,20260419,20260420,2026-04-19 23:53:41.701,2026-04-20 03:44:41.701,231.0,True,False
295,AI234,1,10,20260419,20260420,2026-04-19 23:50:41.704,2026-04-20 01:34:41.704,104.0,True,False
296,UK135,5,24,20260419,20260420,2026-04-19 23:50:41.702,2026-04-20 01:43:41.702,113.0,True,False
297,6F272,4,25,20260419,20260420,2026-04-19 23:35:41.702,2026-04-20 00:22:41.702,47.0,True,False
298,AI061,1,7,20260419,20260420,2026-04-19 23:31:41.701,2026-04-20 01:02:41.701,91.0,True,False
299,6F070,2,24,20260419,20260420,2026-04-19 23:23:41.701,2026-04-20 02:24:41.701,181.0,True,False
300,AI015,1,2,20260419,20260420,2026-04-19 23:21:41.701,2026-04-20 01:15:41.701,114.0,True,False
301,SJ076,3,20,20260419,20260420,2026-04-19 23:01:41.701,2026-04-20 02:02:41.701,181.0,True,False
302,SJ029,4,24,20260419,20260420,2026-04-19 22:55:41.701,2026-04-20 00:22:41.701,87.0,True,False
303,SJ194,3,13,20260419,20260420,2026-04-19 22:46:41.703,2026-04-20 02:31:41.703,225.0,True,False
304,AI235,1,4,20260419,20260420,2026-04-19 22:45:41.704,2026-04-20 02:12:41.704,207.0,True,False
305,SJ048,3,26,20260419,20260420,2026-04-19 22:43:41.701,2026-04-20 00:19:41.701,96.0,True,False
306,SJ114,3,24,20260419,20260420,2026-04-19 22:42:41.702,2026-04-20 02:02:41.702,200.0,True,False
307,SJ146,3,21,20260419,20260420,2026-04-19 22:37:41.702,2026-04-20 00:33:41.702,116.0,True,False
308,UK041,5,25,20260419,20260419,2026-04-19 22:37:41.701,2026-04-19 23:44:41.701,67.0,False,False
309,6F075,2,7,20260419,20260420,2026-04-19 22:20:41.702,2026-04-20 03:02:41.702,282.0,True,False
310,SJ020,3,1,20260419,20260420,2026-04-19 22:18:41.701,2026-04-20 02:27:41.701,249.0,True,False
311,SJ099,4,26,20260419,20260420,2026-04-19 22:14:41.702,2026-04-20 00:34:41.702,140.0,True,False
312,6F078,2,7,20260419,20260419,2026-04-19 22:04:41.702,2026-04-19 23:37:41.702,93.0,False,False
313,UK219,5,9,20260419,20260420,2026-04-19 22:03:41.704,2026-04-20 02:21:41.704,258.0,True,False
314,UK223,5,13,20260419,20260419,2026-04-19 21:58:41.704,2026-04-19 22:30:41.704,32.0,False,False
315,UK227,5,9,20260419,20260420,2026-04-19 21:57:41.704,2026-04-20 01:47:41.704,230.0,True,False
316,6F260,4,13,20260419,20260420,2026-04-19 21:51:41.702,2026-04-20 01:14:41.702,203.0,True,False
317,AI096,1,13,20260419,20260420,2026-04-19 21:48:41.702,2026-04-20 02:46:41.702,298.0,True,False
318,6F022,2,26,20260419,20260420,2026-04-19 21:46:41.701,2026-04-20 02:05:41.701,259.0,True,False
319,6F237,2,25,20260419,20260420,2026-04-19 21:41:41.704,2026-04-20 00:44:41.704,183.0,True,False
320,UK146,5,10,20260419,20260420,2026-04-19 21:40:41.703,2026-04-20 00:08:41.703,148.0,True,False
321,SJ015,3,7,20260419,20260419,2026-04-19 21:40:41.701,2026-04-19 22:52:41.701,72.0,False,False
322,AI108,1,2,20260419,20260420,2026-04-19 21:32:41.702,2026-04-20 00:17:41.702,165.0,True,False
323,UK020,5,26,20260419,20260419,2026-04-19 21:23:41.701,2026-04-19 22:38:41.701,75.0,False,False
324,6F113,2,7,20260419,20260420,2026-04-19 21:04:41.702,2026-04-20 01:30:41.702,266.0,True,False
325,6F112,2,24,20260419,20260419,2026-04-19 21:00:41.702,2026-04-19 23:16:41.702,136.0,False,False
326,6F246,2,24,20260419,20260419,2026-04-19 21:00:41.702,2026-04-19 23:16:41.702,136.0,False,False
327,UK158,5,10,20260419,20260419,2026-04-19 20:49:41.703,2026-04-19 21:22:41.703,33.0,False,False
328,UK159,5,11,20260419,20260419,2026-04-19 20:45:41.703,2026-04-19 23:32:41.703,167.0,False,False
329,UK084,5,29,20260419,20260420,2026-04-19 20:44:41.702,2026-04-20 00:20:41.702,216.0,True,False
330,SJ206,3,18,20260419,20260420,2026-04-19 20:43:41.703,2026-04-20 01:21:41.703,278.0,True,False
331,UK044,5,1,20260419,20260419,2026-04-19 20:31:41.701,2026-04-19 23:29:41.701,178.0,False,False
332,SJ036,3,19,20260419,20260419,2026-04-19 20:24:41.701,2026-04-19 23:54:41.701,210.0,False,False
333,6F176,2,13,20260419,20260419,2026-04-19 20:23:42.000,2026-04-19 23:23:42.000,180.0,False,False
334,6F148,2,12,20260419,20260419,2026-04-19 20:23:41.703,2026-04-19 22:30:41.703,127.0,False,False
335,6F202,2,21,20260419,20260419,2026-04-19 20:18:41.703,2026-04-19 23:48:41.703,210.0,False,False
336,6F071,2,18,20260419,20260420,2026-04-19 20:18:41.702,2026-04-20 00:31:41.702,253.0,True,False
337,AI105,1,13,20260419,20260419,2026-04-19 20:16:41.702,2026-04-19 22:03:41.702,107.0,False,False
338,AI241,1,21,20260419,20260419,2026-04-19 20:11:41.704,2026-04-19 22:18:41.704,127.0,False,False
339,SJ162,3,19,20260419,20260419,2026-04-19 20:11:41.703,2026-04-19 22:30:41.703,139.0,False,False
340,6F003,2,22,20260419,20260419,2026-04-19 20:06:41.700,2026-04-19 23:13:41.700,187.0,False,False
341,6F249,2,22,20260419,20260419,2026-04-19 20:06:41.700,2026-04-19 23:13:41.700,187.0,False,False
342,AI237,1,7,20260419,20260419,2026-04-19 19:58:41.704,2026-04-19 23:13:41.704,195.0,False,False
343,SJ134,3,7,20260419,20260420,2026-04-19 19:58:41.702,2026-04-20 00:15:41.702,257.0,True,False
344,AI071,1,10,20260419,20260419,2026-04-19 19:55:41.702,2026-04-19 22:58:41.702,183.0,False,False
345,6F118,2,14,20260419,20260419,2026-04-19 19:52:41.702,2026-04-19 21:01:41.702,69.0,False,False
346,6F014,2,20,20260419,20260419,2026-04-19 19:42:41.701,2026-04-19 23:15:41.701,213.0,False,False
347,6F065,2,26,20260419,20260419,2026-04-19 19:40:41.701,2026-04-19 22:23:41.701,163.0,False,False
348,6F271,4,25,20260419,20260419,2026-04-19 19:33:41.702,2026-04-19 22:52:41.702,199.0,False,False
349,SJ070,3,28,20260419,20260419,2026-04-19 18:55:41.701,2026-04-19 20:48:41.701,113.0,False,False
350,6F007,2,25,20260419,20260419,2026-04-19 18:55:41.701,2026-04-19 19:54:41.701,59.0,False,False
351,UK007,5,19,20260419,20260419,2026-04-19 18:50:41.701,2026-04-19 21:04:41.701,134.0,False,False
352,AI097,1,25,20260419,20260419,2026-04-19 18:42:41.702,2026-04-19 23:34:41.702,292.0,False,False
353,6F256,4,7,20260419,20260419,2026-04-19 18:40:41.702,2026-04-19 19:13:41.702,33.0,False,False
354,UK047,5,4,20260419,20260419,2026-04-19 18:40:41.701,2026-04-19 22:45:41.701,245.0,False,False
355,AI024,1,27,20260419,20260419,2026-04-19 18:38:41.701,2026-04-19 19:45:41.701,67.0,False,False
356,UK113,5,13,20260419,20260419,2026-04-19 18:34:41.702,2026-04-19 22:58:41.702,264.0,False,False
357,SJ163,3,19,20260419,20260419,2026-04-19 18:32:41.703,2026-04-19 23:08:41.703,276.0,False,False
358,SJ208,3,19,20260419,20260419,2026-04-19 18:32:41.703,2026-04-19 19:33:41.703,61.0,False,False
359,SJ221,3,30,20260419,20260419,2026-04-19 18:31:41.703,2026-04-19 23:17:41.703,286.0,False,False
360,SJ084,3,25,20260419,20260419,2026-04-19 18:31:41.702,2026-04-19 19:30:41.702,59.0,False,False
361,6F127,2,22,20260419,20260419,2026-04-19 18:27:41.702,2026-04-19 22:28:41.702,241.0,False,False
362,AI122,1,7,20260419,20260419,2026-04-19 18:25:41.702,2026-04-19 22:36:41.702,251.0,False,False
363,AI139,1,25,20260419,20260419,2026-04-19 18:23:41.702,2026-04-19 19:24:41.702,61.0,False,False
364,UK149,5,29,20260419,20260419,2026-04-19 18:22:41.703,2026-04-19 23:08:41.703,286.0,False,False
365,AI149,1,9,20260419,20260419,2026-04-19 18:19:41.703,2026-04-19 21:36:41.703,197.0,False,False
366,SJ243,3,3,20260419,20260419,2026-04-19 18:17:41.704,2026-04-19 23:03:41.704,286.0,False,False
367,AI053,1,13,20260419,20260419,2026-04-19 18:04:41.701,2026-04-19 22:19:41.701,255.0,False,False
368,UK061,5,1,20260419,20260419,2026-04-19 17:58:41.701,2026-04-19 19:48:41.701,110.0,False,False
369,SJ004,3,29,20260419,20260419,2026-04-19 17:52:41.701,2026-04-19 21:01:41.701,189.0,False,False
370,AI173,1,24,20260419,20260419,2026-04-19 17:36:41.703,2026-04-19 22:27:41.703,291.0,False,False
371,6F085,2,25,20260419,20260419,2026-04-19 17:32:41.702,2026-04-19 19:32:42.000,120.0,False,False
372,AI252,4,24,20260419,20260419,2026-04-19 17:30:41.704,2026-04-19 21:54:41.704,264.0,False,False
373,SJ109,3,8,20260419,20260419,2026-04-19 17:24:41.702,2026-04-19 20:28:41.702,184.0,False,False
374,UK123,5,8,20260419,20260419,2026-04-19 17:24:41.702,2026-04-19 20:18:41.702,174.0,False,False
375,6F125,2,7,20260419,20260419,2026-04-19 17:09:41.702,2026-04-19 21:13:41.702,244.0,False,False
376,UK183,5,2,20260419,20260419,2026-04-19 17:07:41.703,2026-04-19 18:30:41.703,83.0,False,False
377,AI110,1,7,20260419,20260419,2026-04-19 17:07:41.702,2026-04-19 22:00:41.702,293.0,False,False
378,UK105,5,14,20260419,20260419,2026-04-19 17:04:41.702,2026-04-19 18:11:41.702,67.0,False,False
379,6F128,2,24,20260419,20260419,2026-04-19 16:56:41.702,2026-04-19 18:03:41.702,67.0,False,False
380,6F224,2,20,20260419,20260419,2026-04-19 16:53:41.704,2026-04-19 18:52:41.704,119.0,False,False
381,SJ130,3,8,20260419,20260419,2026-04-19 16:53:41.702,2026-04-19 20:53:41.702,240.0,False,False
382,AI224,1,19,20260419,20260419,2026-04-19 16:51:41.703,2026-04-19 21:36:41.703,285.0,False,False
383,SJ182,3,12,20260419,20260419,2026-04-19 16:48:41.703,2026-04-19 17:36:41.703,48.0,False,False
384,UK164,5,9,20260419,20260419,2026-04-19 16:46:41.703,2026-04-19 21:10:41.703,264.0,False,False
385,AI161,1,12,20260419,20260419,2026-04-19 16:40:41.703,2026-04-19 19:40:41.703,180.0,False,False
386,6F206,2,17,20260419,20260419,2026-04-19 16:39:41.703,2026-04-19 20:59:41.703,260.0,False,False
387,SJ204,3,13,20260419,20260419,2026-04-19 16:34:41.703,2026-04-19 18:15:41.703,101.0,False,False
388,AI206,1,15,20260419,20260419,2026-04-19 16:30:41.703,2026-04-19 20:01:41.703,211.0,False,False
389,6F140,2,14,20260419,20260419,2026-04-19 16:30:41.702,2026-04-19 18:21:41.702,111.0,False,False
390,6F253,4,26,20260419,20260419,2026-04-19 16:26:41.703,2026-04-19 18:24:41.703,118.0,False,False
391,SJ203,4,19,20260419,20260419,2026-04-19 16:22:41.703,2026-04-19 18:27:41.703,125.0,False,False
392,SJ161,3,26,20260419,20260419,2026-04-19 16:22:41.703,2026-04-19 17:04:41.703,42.0,False,False
393,AI098,1,25,20260419,20260419,2026-04-19 16:01:41.702,2026-04-19 18:11:41.702,130.0,False,False
394,AI168,4,18,20260419,20260419,2026-04-19 15:50:41.703,2026-04-19 20:20:41.703,270.0,False,False
395,UK190,5,16,20260419,20260419,2026-04-19 15:49:41.703,2026-04-19 18:53:41.703,184.0,False,False
396,AI085,1,19,20260419,20260419,2026-04-19 15:45:41.702,2026-04-19 20:33:41.702,288.0,False,False
397,AI076,1,1,20260419,20260419,2026-04-19 15:37:41.702,2026-04-19 16:12:41.702,35.0,False,False
398,UK130,5,26,20260419,20260419,2026-04-19 15:36:41.702,2026-04-19 19:43:41.702,247.0,False,False
399,6F038,2,25,20260419,20260419,2026-04-19 15:36:41.701,2026-04-19 19:33:41.701,237.0,False,False
400,UK110,5,24,20260419,20260419,2026-04-19 15:26:41.702,2026-04-19 20:13:41.702,287.0,False,False
401,SJ013,3,20,20260419,20260419,2026-04-19 15:25:41.701,2026-04-19 19:54:41.701,269.0,False,False
402,AI039,1,26,20260419,20260419,2026-04-19 15:24:41.701,2026-04-19 18:56:41.701,212.0,False,False
403,AI248,1,13,20260419,20260419,2026-04-19 15:17:41.704,2026-04-19 16:35:41.704,78.0,False,False
404,6F199,2,20,20260419,20260419,2026-04-19 15:15:41.703,2026-04-19 17:32:41.703,137.0,False,False
405,AI225,1,6,20260419,20260419,2026-04-19 15:05:41.703,2026-04-19 16:01:41.703,56.0,False,False
406,SJ028,3,12,20260419,20260419,2026-04-19 15:04:41.701,2026-04-19 19:32:41.701,268.0,False,False
407,SJ012,3,21,20260419,20260419,2026-04-19 15:01:41.701,2026-04-19 16:12:41.701,71.0,False,False
408,SJ131,3,30,20260419,20260419,2026-04-19 15:00:41.702,2026-04-19 16:07:41.702,67.0,False,False
409,AI010,1,9,20260419,20260419,2026-04-19 15:00:41.701,2026-04-19 19:48:41.701,288.0,False,False
410,6F020,2,9,20260419,20260419,2026-04-19 14:58:41.701,2026-04-19 16:43:41.701,105.0,False,False
411,SJ038,3,3,20260419,20260419,2026-04-19 14:57:41.701,2026-04-19 17:46:41.701,169.0,False,False
412,UK204,5,3,20260419,20260419,2026-04-19 14:46:41.703,2026-04-19 16:24:41.703,98.0,False,False
413,AI036,1,7,20260419,20260419,2026-04-19 14:45:41.701,2026-04-19 16:16:41.701,91.0,False,False
414,AI100,4,12,20260419,20260419,2026-04-19 14:42:41.702,2026-04-19 18:22:41.702,220.0,False,False
415,SJ215,3,13,20260419,20260419,2026-04-19 14:37:41.703,2026-04-19 16:12:41.703,95.0,False,False
416,UK155,5,30,20260419,20260419,2026-04-19 14:34:41.703,2026-04-19 18:37:41.703,243.0,False,False
417,SJ173,3,14,20260419,20260419,2026-04-19 14:27:41.703,2026-04-19 16:09:41.703,102.0,False,False
418,UK179,5,19,20260419,20260419,2026-04-19 14:25:41.703,2026-04-19 19:15:41.703,290.0,False,False
419,UK221,5,13,20260419,20260419,2026-04-19 14:18:41.704,2026-04-19 18:44:41.704,266.0,False,False
420,UK023,5,20,20260419,20260419,2026-04-19 14:15:41.701,2026-04-19 19:03:41.701,288.0,False,False
421,SJ107,3,10,20260419,20260419,2026-04-19 14:10:41.702,2026-04-19 18:38:41.702,268.0,False,False
422,AI073,1,6,20260419,20260419,2026-04-19 14:08:41.702,2026-04-19 16:10:41.702,122.0,False,False
423,SJ187,3,26,20260419,20260419,2026-04-19 14:07:41.703,2026-04-19 17:30:41.703,203.0,False,False
424,UK058,5,27,20260419,20260419,2026-04-19 13:46:41.701,2026-04-19 17:04:41.701,198.0,False,False
425,SJ063,3,27,20260419,20260419,2026-04-19 13:38:41.701,2026-04-19 15:23:41.701,105.0,False,False
426,SJ062,3,4,20260419,20260419,2026-04-19 13:37:41.701,2026-04-19 17:06:41.701,209.0,False,False
427,UK048,5,29,20260419,20260419,2026-04-19 13:36:41.701,2026-04-19 18:21:41.701,285.0,False,False
428,AI181,1,30,20260419,20260419,2026-04-19 13:29:41.703,2026-04-19 16:55:41.703,206.0,False,False
429,AI003,1,4,20260419,20260419,2026-04-19 13:27:41.701,2026-04-19 16:55:41.701,208.0,False,False
430,6F041,2,27,20260419,20260419,2026-04-19 13:19:41.701,2026-04-19 16:48:41.701,209.0,False,False
431,6F175,2,28,20260419,20260419,2026-04-19 13:18:41.703,2026-04-19 15:13:41.703,115.0,False,False
432,6F013,2,7,20260419,20260419,2026-04-19 13:15:41.701,2026-04-19 18:05:41.701,290.0,False,False
433,SJ040,3,7,20260419,20260419,2026-04-19 13:12:41.701,2026-04-19 16:44:41.701,212.0,False,False
434,SJ016,3,23,20260419,20260419,2026-04-19 13:01:41.701,2026-04-19 16:26:41.701,205.0,False,False
435,6F135,2,30,20260419,20260419,2026-04-19 12:59:41.702,2026-04-19 13:45:41.702,46.0,False,False
436,6F150,2,25,20260419,20260419,2026-04-19 12:55:41.703,2026-04-19 16:53:41.703,238.0,False,False
437,AI083,1,17,20260419,20260419,2026-04-19 12:54:41.702,2026-04-19 13:37:41.702,43.0,False,False
438,SJ166,3,14,20260419,20260419,2026-04-19 12:51:41.703,2026-04-19 16:18:41.703,207.0,False,False
439,SJ027,4,10,20260419,20260419,2026-04-19 12:50:41.701,2026-04-19 17:13:41.701,263.0,False,False
440,6F134,2,5,20260419,20260419,2026-04-19 12:47:41.702,2026-04-19 14:06:41.702,79.0,False,False
441,UK225,5,26,20260419,20260419,2026-04-19 12:46:41.704,2026-04-19 15:02:41.704,136.0,False,False
442,SJ175,3,26,20260419,20260419,2026-04-19 12:46:41.703,2026-04-19 16:50:41.703,244.0,False,False
443,AI182,1,24,20260419,20260419,2026-04-19 12:41:41.703,2026-04-19 17:14:41.703,273.0,False,False
444,AI190,1,7,20260419,20260419,2026-04-19 12:38:41.703,2026-04-19 15:56:41.703,198.0,False,False
445,AI120,1,28,20260419,20260419,2026-04-19 12:12:41.702,2026-04-19 14:18:41.702,126.0,False,False
446,6F132,2,27,20260419,20260419,2026-04-19 12:00:41.702,2026-04-19 13:00:42.000,60.0,False,False
447,UK102,5,23,20260419,20260419,2026-04-19 11:58:41.702,2026-04-19 14:01:41.702,123.0,False,False
448,AI045,1,25,20260419,20260419,2026-04-19 11:58:41.701,2026-04-19 14:37:41.701,159.0,False,False
449,UK136,5,23,20260419,20260419,2026-04-19 11:43:41.703,2026-04-19 15:26:41.703,223.0,False,False
450,SJ238,3,26,20260419,20260419,2026-04-19 11:41:41.704,2026-04-19 15:39:41.704,238.0,False,False
451,AI193,1,30,20260419,20260419,2026-04-19 11:33:41.703,2026-04-19 16:07:41.703,274.0,False,False
452,6F001,2,22,20260419,20260419,2026-04-19 11:33:41.700,2026-04-19 13:08:41.700,95.0,False,False
453,6F211,2,26,20260419,20260419,2026-04-19 11:29:41.703,2026-04-19 16:20:41.703,291.0,False,False
454,SJ199,3,22,20260419,20260419,2026-04-19 11:29:41.703,2026-04-19 13:59:41.703,150.0,False,False
455,SJ050,3,23,20260419,20260419,2026-04-19 11:24:41.701,2026-04-19 12:03:41.701,39.0,False,False
456,UK115,5,1,20260419,20260419,2026-04-19 11:20:41.702,2026-04-19 13:20:42.000,120.0,False,False
457,AI037,4,6,20260419,20260419,2026-04-19 11:14:41.701,2026-04-19 15:13:41.701,239.0,False,False
458,6F235,2,25,20260419,20260419,2026-04-19 11:06:41.704,2026-04-19 13:51:41.704,165.0,False,False
459,UK111,5,26,20260419,20260419,2026-04-19 11:06:41.702,2026-04-19 12:20:41.702,74.0,False,False
460,6F005,2,10,20260419,20260419,2026-04-19 11:04:41.701,2026-04-19 15:27:41.701,263.0,False,False
461,AI198,1,15,20260419,20260419,2026-04-19 10:56:41.703,2026-04-19 14:19:41.703,203.0,False,False
462,UK184,5,30,20260419,20260419,2026-04-19 10:49:41.703,2026-04-19 13:00:41.703,131.0,False,False
463,6F219,2,29,20260419,20260419,2026-04-19 10:32:41.704,2026-04-19 14:37:41.704,245.0,False,False
464,UK066,5,7,20260419,20260419,2026-04-19 10:29:41.701,2026-04-19 12:07:41.701,98.0,False,False
465,6F220,2,22,20260419,20260419,2026-04-19 10:27:41.704,2026-04-19 11:25:41.704,58.0,False,False
466,AI180,1,7,20260419,20260419,2026-04-19 10:19:41.703,2026-04-19 11:00:41.703,41.0,False,False
467,6F098,2,5,20260419,20260419,2026-04-19 10:18:41.702,2026-04-19 12:49:41.702,151.0,False,False
468,AI141,1,3,20260419,20260419,2026-04-19 10:16:41.702,2026-04-19 14:53:41.702,277.0,False,False
469,SJ170,3,1,20260419,20260419,2026-04-19 10:11:41.703,2026-04-19 11:56:41.703,105.0,False,False
470,SJ178,3,9,20260419,20260419,2026-04-19 09:58:41.703,2026-04-19 12:27:41.703,149.0,False,False
471,6F172,2,6,20260419,20260419,2026-04-19 09:53:41.703,2026-04-19 14:46:41.703,293.0,False,False
472,UK220,5,1,20260419,20260419,2026-04-19 09:51:41.704,2026-04-19 13:25:41.704,214.0,False,False
473,SJ148,3,16,20260419,20260419,2026-04-19 09:51:41.702,2026-04-19 13:41:41.702,230.0,False,False
474,UK065,5,7,20260419,20260419,2026-04-19 09:38:41.701,2026-04-19 13:46:41.701,248.0,False,False
475,6F243,2,9,20260419,20260419,2026-04-19 09:37:41.704,2026-04-19 10:33:41.704,56.0,False,False
476,SJ193,3,13,20260419,20260419,2026-04-19 09:37:41.703,2026-04-19 12:16:41.703,159.0,False,False
477,UK056,5,25,20260419,20260419,2026-04-19 09:29:41.701,2026-04-19 10:15:41.701,46.0,False,False
478,AI219,4,3,20260419,20260419,2026-04-19 09:28:41.703,2026-04-19 11:27:41.703,119.0,False,False
479,SJ073,3,11,20260419,20260419,2026-04-19 09:26:41.701,2026-04-19 11:14:41.701,108.0,False,False
480,6F052,2,7,20260419,20260419,2026-04-19 09:13:41.701,2026-04-19 12:02:41.701,169.0,False,False
481,SJ201,3,3,20260419,20260419,2026-04-19 09:10:41.703,2026-04-19 11:12:41.703,122.0,False,False
482,UK028,5,25,20260419,20260419,2026-04-19 09:02:41.701,2026-04-19 10:37:41.701,95.0,False,False
483,SJ119,3,7,20260419,20260419,2026-04-19 08:53:41.702,2026-04-19 11:29:41.702,156.0,False,False
484,AI165,1,18,20260419,20260419,2026-04-19 08:51:41.703,2026-04-19 10:31:41.703,100.0,False,False
485,AI255,1,28,20260419,20260419,2026-04-19 08:45:41.704,2026-04-19 13:12:41.704,267.0,False,False
486,AI202,1,21,20260419,20260419,2026-04-19 08:44:41.703,2026-04-19 10:53:41.703,129.0,False,False
487,SJ039,3,27,20260419,20260419,2026-04-19 08:41:41.701,2026-04-19 12:08:41.701,207.0,False,False
488,SJ051,4,6,20260419,20260419,2026-04-19 08:40:41.701,2026-04-19 12:18:41.701,218.0,False,False
489,UK024,5,26,20260419,20260419,2026-04-19 08:29:41.701,2026-04-19 13:29:41.701,300.0,False,False
490,SJ006,3,21,20260419,20260419,2026-04-19 08:25:41.701,2026-04-19 08:57:41.701,32.0,False,False
491,AI207,1,10,20260419,20260419,2026-04-19 08:24:41.703,2026-04-19 11:23:41.703,179.0,False,False
492,SJ168,3,12,20260419,20260419,2026-04-19 08:17:41.703,2026-04-19 12:29:41.703,252.0,False,False
493,AI028,1,22,20260419,20260419,2026-04-19 07:53:41.701,2026-04-19 08:35:41.701,42.0,False,False
494,6F094,2,1,20260419,20260419,2026-04-19 07:37:41.702,2026-04-19 09:06:41.702,89.0,False,False
495,6F024,2,8,20260419,20260419,2026-04-19 07:31:41.701,2026-04-19 11:17:41.701,226.0,False,False
496,6F061,2,27,20260419,20260419,2026-04-19 07:28:41.701,2026-04-19 08:09:41.701,41.0,False,False
497,AI032,1,26,20260419,20260419,2026-04-19 07:26:41.701,2026-04-19 09:26:42.000,120.0,False,False
498,UK163,5,19,20260419,20260419,2026-04-19 07:22:41.703,2026-04-19 09:04:41.703,102.0,False,False
499,SJ067,3,26,20260419,20260419,2026-04-19 07:17:41.701,2026-04-19 08:16:41.701,59.0,False,False
500,SJ106,3,13,20260419,20260419,2026-04-19 07:16:41.702,2026-04-19 09:40:41.702,144.0,False,False
501,AI086,1,14,20260419,20260419,2026-04-19 07:13:41.702,2026-04-19 10:09:41.702,176.0,False,False
502,6F263,4,19,20260419,20260419,2026-04-19 07:07:41.703,2026-04-19 08:30:41.703,83.0,False,False
503,6F163,2,27,20260419,20260419,2026-04-19 06:49:41.703,2026-04-19 10:46:41.703,237.0,False,False
504,SJ064,3,13,20260419,20260419,2026-04-19 06:29:41.701,2026-04-19 08:43:41.701,134.0,False,False
505,UK118,5,21,20260419,20260419,2026-04-19 06:22:41.702,2026-04-19 07:22:42.000,60.0,False,False
506,UK022,5,19,20260419,20260419,2026-04-19 06:22:41.701,2026-04-19 10:59:41.701,277.0,False,False
507,UK099,5,10,20260419,20260419,2026-04-19 06:16:41.702,2026-04-19 10:24:41.702,248.0,False,False
508,6F212,2,2,20260419,20260419,2026-04-19 06:10:41.703,2026-04-19 10:52:41.703,282.0,False,False
509,AI023,1,21,20260419,20260419,2026-04-19 06:10:41.701,2026-04-19 09:35:41.701,205.0,False,False
510,SJ245,3,8,20260419,20260419,2026-04-19 06:07:41.704,2026-04-19 09:39:41.704,212.0,False,False
511,6F066,2,4,20260419,20260419,2026-04-19 06:07:41.701,2026-04-19 07:43:41.701,96.0,False,False
512,AI138,1,18,20260419,20260419,2026-04-19 05:50:41.702,2026-04-19 06:40:41.702,50.0,False,False
513,SJ021,3,21,20260419,20260419,2026-04-19 05:48:41.701,2026-04-19 09:46:41.701,238.0,False,False
514,SJ136,3,21,20260419,20260419,2026-04-19 05:45:41.702,2026-04-19 08:04:41.702,139.0,False,False
515,AI148,1,25,20260419,20260419,2026-04-19 05:41:41.703,2026-04-19 08:32:41.703,171.0,False,False
516,SJ014,3,9,20260419,20260419,2026-04-19 05:40:41.701,2026-04-19 06:39:41.701,59.0,False,False
517,6F104,2,12,20260419,20260419,2026-04-19 05:39:41.702,2026-04-19 06:14:41.702,35.0,False,False
518,SJ121,3,13,20260419,20260419,2026-04-19 05:32:41.702,2026-04-19 06:47:41.702,75.0,False,False
519,UK174,5,13,20260419,20260419,2026-04-19 05:27:41.703,2026-04-19 07:47:41.703,140.0,False,False
520,AI033,1,28,20260419,20260419,2026-04-19 05:25:41.701,2026-04-19 10:21:41.701,296.0,False,False
521,SJ122,3,12,20260419,20260419,2026-04-19 05:22:41.702,2026-04-19 10:09:41.702,287.0,False,False
522,UK095,5,10,20260419,20260419,2026-04-19 05:22:41.702,2026-04-19 07:36:41.702,134.0,False,False
523,SJ026,3,15,20260419,20260419,2026-04-19 05:22:41.701,2026-04-19 09:40:41.701,258.0,False,False
524,6F221,2,29,20260419,20260419,2026-04-19 05:20:41.704,2026-04-19 08:52:41.704,212.0,False,False
525,SJ103,3,26,20260419,20260419,2026-04-19 05:16:41.702,2026-04-19 08:56:41.702,220.0,False,False
526,SJ011,3,10,20260419,20260419,2026-04-19 05:14:41.701,2026-04-19 09:59:41.701,285.0,False,False
527,AI002,1,21,20260419,20260419,2026-04-19 05:12:41.700,2026-04-19 07:12:41.700,120.0,False,False
528,AI046,4,17,20260419,20260419,2026-04-19 05:09:41.701,2026-04-19 08:00:41.701,171.0,False,False
529,SJ053,3,13,20260419,20260419,2026-04-19 05:00:41.701,2026-04-19 06:38:41.701,98.0,False,False
530,AI236,1,17,20260419,20260419,2026-04-19 04:52:41.704,2026-04-19 09:11:41.704,259.0,False,False
531,AI254,1,14,20260419,20260419,2026-04-19 04:46:41.704,2026-04-19 08:06:41.704,200.0,False,False
532,6F063,2,19,20260419,20260419,2026-04-19 04:42:41.701,2026-04-19 07:31:41.701,169.0,False,False
533,6F115,2,26,20260419,20260419,2026-04-19 04:41:41.702,2026-04-19 06:23:41.702,102.0,False,False
534,UK070,5,8,20260419,20260419,2026-04-19 04:36:41.701,2026-04-19 06:49:41.701,133.0,False,False
535,SJ147,3,2,20260419,20260419,2026-04-19 04:30:41.702,2026-04-19 08:52:41.702,262.0,False,False
536,UK201,5,22,20260419,20260419,2026-04-19 04:29:41.703,2026-04-19 06:42:41.703,133.0,False,False
537,SJ234,3,2,20260419,20260419,2026-04-19 04:20:41.704,2026-04-19 06:23:41.704,123.0,False,False
538,AI176,1,3,20260419,20260419,2026-04-19 04:20:41.703,2026-04-19 06:25:41.703,125.0,False,False
539,SJ045,3,20,20260419,20260419,2026-04-19 04:16:41.701,2026-04-19 09:03:41.701,287.0,False,False
540,SJ174,3,13,20260419,20260419,2026-04-19 04:09:41.703,2026-04-19 05:04:41.703,55.0,False,False
541,AI007,1,29,20260419,20260419,2026-04-19 04:01:41.701,2026-04-19 06:01:42.000,120.0,False,False
542,AI143,1,13,20260419,20260419,2026-04-19 03:58:41.702,2026-04-19 04:36:41.702,38.0,False,False
543,SJ241,3,19,20260419,20260419,2026-04-19 03:57:41.704,2026-04-19 06:36:41.704,159.0,False,False
544,AI020,4,6,20260419,20260419,2026-04-19 03:53:41.701,2026-04-19 06:21:41.701,148.0,False,False
545,UK031,5,13,20260419,20260419,2026-04-19 03:45:41.701,2026-04-19 07:20:41.701,215.0,False,False
546,AI013,1,21,20260419,20260419,2026-04-19 03:41:41.701,2026-04-19 04:58:41.701,77.0,False,False
547,AI249,1,4,20260419,20260419,2026-04-19 03:38:41.704,2026-04-19 06:27:41.704,169.0,False,False
548,UK046,5,13,20260419,20260419,2026-04-19 03:37:41.701,2026-04-19 06:05:41.701,148.0,False,False
549,UK168,5,2,20260419,20260419,2026-04-19 03:20:41.703,2026-04-19 04:09:41.703,49.0,False,False
550,AI022,1,10,20260419,20260419,2026-04-19 03:15:41.701,2026-04-19 05:10:41.701,115.0,False,False
551,UK218,5,26,20260419,20260419,2026-04-19 03:12:41.704,2026-04-19 07:22:41.704,250.0,False,False
552,UK142,5,3,20260419,20260419,2026-04-19 03:03:41.703,2026-04-19 07:13:41.703,250.0,False,False
553,6F067,2,26,20260419,20260419,2026-04-19 02:59:41.701,2026-04-19 06:02:41.701,183.0,False,False
554,SJ217,3,7,20260419,20260419,2026-04-19 02:57:41.703,2026-04-19 06:04:41.703,187.0,False,False
555,SJ143,3,17,20260419,20260419,2026-04-19 02:55:41.702,2026-04-19 03:52:41.702,57.0,False,False
556,AI243,4,1,20260419,20260419,2026-04-19 02:50:41.704,2026-04-19 05:09:41.704,139.0,False,False
557,SJ246,3,8,20260419,20260419,2026-04-19 02:47:41.704,2026-04-19 03:47:42.000,60.0,False,False
558,6F170,2,24,20260419,20260419,2026-04-19 02:44:41.703,2026-04-19 04:14:41.703,90.0,False,False
559,UK157,5,12,20260419,20260419,2026-04-19 02:41:41.703,2026-04-19 03:41:42.000,60.0,False,False
560,UK172,5,17,20260419,20260419,2026-04-19 02:20:41.703,2026-04-19 05:21:41.703,181.0,False,False
561,SJ139,3,16,20260419,20260419,2026-04-19 02:20:41.702,2026-04-19 06:02:41.702,222.0,False,False
562,UK085,5,29,20260419,20260419,2026-04-19 02:15:41.702,2026-04-19 03:17:41.702,62.0,False,False
563,6F079,2,30,20260419,20260419,2026-04-19 02:14:41.702,2026-04-19 06:18:41.702,244.0,False,False
564,SJ032,3,27,20260419,20260419,2026-04-19 02:11:41.701,2026-04-19 04:33:41.701,142.0,False,False
565,6F182,2,7,20260419,20260419,2026-04-19 02:10:41.703,2026-04-19 04:18:41.703,128.0,False,False
566,AI106,1,21,20260419,20260419,2026-04-19 02:07:41.702,2026-04-19 03:20:41.702,73.0,False,False
567,AI200,1,25,20260419,20260419,2026-04-19 02:05:41.703,2026-04-19 05:29:41.703,204.0,False,False
568,6F142,2,15,20260419,20260419,2026-04-19 02:05:41.702,2026-04-19 06:04:41.702,239.0,False,False
569,SJ079,3,24,20260419,20260419,2026-04-19 01:58:41.702,2026-04-19 05:02:41.702,184.0,False,False
570,SJ082,3,8,20260419,20260419,2026-04-19 01:54:41.702,2026-04-19 02:33:41.702,39.0,False,False
571,SJ110,3,13,20260419,20260419,2026-04-19 01:47:41.702,2026-04-19 02:20:41.702,33.0,False,False
572,6F262,4,29,20260419,20260419,2026-04-19 01:44:41.702,2026-04-19 02:47:41.702,63.0,False,False
573,UK143,5,1,20260419,20260419,2026-04-19 01:34:41.703,2026-04-19 02:48:41.703,74.0,False,False
574,6F269,4,25,20260419,20260419,2026-04-19 01:30:41.702,2026-04-19 02:52:41.702,82.0,False,False
575,6F214,2,7,20260419,20260419,2026-04-19 01:21:41.703,2026-04-19 05:20:41.703,239.0,False,False
576,SJ213,3,7,20260419,20260419,2026-04-19 01:19:41.703,2026-04-19 04:48:41.703,209.0,False,False
577,SJ072,3,19,20260419,20260419,2026-04-19 01:18:41.701,2026-04-19 04:08:41.701,170.0,False,False
578,6F059,2,8,20260419,20260419,2026-04-19 01:12:41.701,2026-04-19 06:02:41.701,290.0,False,False
579,UK202,5,19,20260419,20260419,2026-04-19 01:11:41.703,2026-04-19 05:37:41.703,266.0,False,False
580,UK037,5,1,20260419,20260419,2026-04-19 01:10:41.701,2026-04-19 05:12:41.701,242.0,False,False
581,UK069,5,13,20260419,20260419,2026-04-19 01:10:41.701,2026-04-19 03:23:41.701,133.0,False,False
582,SJ118,3,17,20260419,20260419,2026-04-19 01:08:41.702,2026-04-19 02:33:41.702,85.0,False,False
583,6F145,2,13,20260419,20260419,2026-04-19 01:02:41.703,2026-04-19 02:18:41.703,76.0,False,False
584,UK097,5,22,20260419,20260419,2026-04-19 00:49:41.702,2026-04-19 05:00:41.702,251.0,False,False
585,6F117,2,13,20260419,20260419,2026-04-19 00:46:41.702,2026-04-19 01:51:41.702,65.0,False,False
586,6F226,2,17,20260419,20260419,2026-04-19 00:38:41.704,2026-04-19 02:55:41.704,137.0,False,False
587,6F050,2,17,20260419,20260419,2026-04-19 00:35:41.701,2026-04-19 04:32:41.701,237.0,False,False
588,UK196,5,9,20260419,20260419,2026-04-19 00:32:41.703,2026-04-19 04:49:41.703,257.0,False,False
589,SJ086,3,13,20260419,20260419,2026-04-19 00:32:41.702,2026-04-19 04:17:41.702,225.0,False,False
590,AI134,1,22,20260419,20260419,2026-04-19 00:28:41.702,2026-04-19 04:23:41.702,235.0,False,False
591,AI043,1,13,20260419,20260419,2026-04-19 00:28:41.701,2026-04-19 04:37:41.701,249.0,False,False
592,UK119,5,7,20260419,20260419,2026-04-19 00:21:41.702,2026-04-19 04:38:41.702,257.0,False,False
593,SJ181,3,6,20260419,20260419,2026-04-19 00:20:41.703,2026-04-19 01:49:41.703,89.0,False,False
594,AI070,1,13,20260419,20260419,2026-04-19 00:05:41.702,2026-04-19 01:44:41.702,99.0,False,False
595,6F233,2,1,20260418,20260419,2026-04-18 23:56:41.704,2026-04-19 03:53:41.704,237.0,True,False
596,UK013,5,10,20260418,20260419,2026-04-18 23:52:41.701,2026-04-19 02:52:41.701,180.0,True,False
597,6F015,2,7,20260418,20260419,2026-04-18 23:39:41.701,2026-04-19 02:27:41.701,168.0,True,False
598,SJ247,3,17,20260418,20260419,2026-04-18 23:38:41.704,2026-04-19 03:43:41.704,245.0,True,False
599,AI067,1,24,20260418,20260419,2026-04-18 23:36:41.701,2026-04-19 03:09:41.701,213.0,True,False
600,AI211,1,18,20260418,20260419,2026-04-18 23:34:41.703,2026-04-19 01:21:41.703,107.0,True,False
601,UK029,5,17,20260418,20260419,2026-04-18 23:26:41.701,2026-04-19 02:15:41.701,169.0,True,False
602,SJ200,3,8,20260418,20260419,2026-04-18 23:24:41.703,2026-04-19 02:11:41.703,167.0,True,False
603,6F087,2,19,20260418,20260419,2026-04-18 23:24:41.702,2026-04-19 03:10:41.702,226.0,True,False
604,SJ210,3,23,20260418,20260419,2026-04-18 23:21:41.703,2026-04-19 02:54:41.703,213.0,True,False
605,AI101,1,16,20260418,20260419,2026-04-18 23:20:41.702,2026-04-19 02:23:41.702,183.0,True,False
606,UK075,5,28,20260418,20260419,2026-04-18 23:15:41.702,2026-04-19 03:54:41.702,279.0,True,False
607,SJ091,3,2,20260418,20260419,2026-04-18 23:10:41.702,2026-04-19 00:47:41.702,97.0,True,False
608,AI251,1,29,20260418,20260418,2026-04-18 22:40:41.704,2026-04-18 23:24:41.704,44.0,False,False
609,SJ042,3,23,20260418,20260419,2026-04-18 22:38:41.701,2026-04-19 02:20:41.701,222.0,True,False
610,UK126,5,13,20260418,20260419,2026-04-18 22:37:41.702,2026-04-19 00:03:41.702,86.0,True,False
611,6F042,2,24,20260418,20260419,2026-04-18 22:35:41.701,2026-04-19 02:41:41.701,246.0,True,False
612,AI116,1,12,20260418,20260419,2026-04-18 22:30:41.702,2026-04-19 01:57:41.702,207.0,True,False
613,SJ209,3,1,20260418,20260419,2026-04-18 22:22:41.703,2026-04-19 02:03:41.703,221.0,True,False
614,AI123,1,27,20260418,20260419,2026-04-18 22:19:41.702,2026-04-19 00:45:41.702,146.0,True,False
615,6F016,2,22,20260418,20260418,2026-04-18 22:18:41.701,2026-04-18 22:54:41.701,36.0,False,False
616,UK012,5,27,20260418,20260419,2026-04-18 22:16:41.701,2026-04-19 00:25:41.701,129.0,True,False
617,SJ188,3,1,20260418,20260418,2026-04-18 22:15:41.703,2026-04-18 22:55:41.703,40.0,False,False
618,UK096,5,4,20260418,20260419,2026-04-18 22:11:41.702,2026-04-19 00:06:41.702,115.0,True,False
619,SJ046,3,10,20260418,20260419,2026-04-18 22:01:41.701,2026-04-19 01:25:41.701,204.0,True,False
620,UK081,4,3,20260418,20260418,2026-04-18 22:00:41.702,2026-04-18 23:00:41.702,60.0,False,False
621,UK191,5,26,20260418,20260418,2026-04-18 21:51:41.703,2026-04-18 22:57:41.703,66.0,False,False
622,6F064,2,13,20260418,20260418,2026-04-18 21:45:41.701,2026-04-18 22:50:41.701,65.0,False,False
623,AI005,1,18,20260418,20260418,2026-04-18 21:24:41.701,2026-04-18 22:11:41.701,47.0,False,False
624,6F021,2,5,20260418,20260419,2026-04-18 21:23:41.701,2026-04-19 01:25:41.701,242.0,True,False
625,AI169,1,13,20260418,20260419,2026-04-18 21:21:41.703,2026-04-19 01:34:41.703,253.0,True,False
626,UK035,5,22,20260418,20260418,2026-04-18 21:08:41.701,2026-04-18 22:24:41.701,76.0,False,False
627,AI040,1,21,20260418,20260418,2026-04-18 21:01:41.701,2026-04-18 22:42:41.701,101.0,False,False
628,UK042,5,27,20260418,20260419,2026-04-18 20:59:41.701,2026-04-19 01:38:41.701,279.0,True,False
629,SJ171,3,19,20260418,20260418,2026-04-18 20:52:41.703,2026-04-18 23:52:41.703,180.0,False,False
630,AI250,4,7,20260418,20260419,2026-04-18 20:48:41.704,2026-04-19 00:12:41.704,204.0,True,False
631,SJ195,3,7,20260418,20260418,2026-04-18 20:41:41.703,2026-04-18 23:54:41.703,193.0,False,False
632,UK211,5,28,20260418,20260418,2026-04-18 20:39:41.704,2026-04-18 22:02:41.704,83.0,False,False
633,UK122,5,23,20260418,20260418,2026-04-18 20:29:42.000,2026-04-18 23:29:42.000,180.0,False,False
634,AI136,1,3,20260418,20260418,2026-04-18 20:29:41.702,2026-04-18 23:48:41.702,199.0,False,False
635,6F141,2,7,20260418,20260418,2026-04-18 20:26:41.702,2026-04-18 22:28:41.702,122.0,False,False
636,6F053,2,19,20260418,20260419,2026-04-18 20:26:41.701,2026-04-19 00:39:41.701,253.0,True,False
637,6F136,2,13,20260418,20260418,2026-04-18 20:24:41.702,2026-04-18 21:01:41.702,37.0,False,False
638,6F009,2,2,20260418,20260418,2026-04-18 20:21:41.701,2026-04-18 23:36:41.701,195.0,False,False
639,6F023,2,26,20260418,20260419,2026-04-18 20:18:41.701,2026-04-19 00:14:41.701,236.0,True,False
640,UK006,5,28,20260418,20260418,2026-04-18 20:16:41.701,2026-04-18 21:55:41.701,99.0,False,False
641,SJ165,3,12,20260418,20260418,2026-04-18 20:08:41.703,2026-04-18 23:18:41.703,190.0,False,False
642,6F189,2,26,20260418,20260418,2026-04-18 20:08:41.703,2026-04-18 21:51:41.703,103.0,False,False
643,AI131,1,27,20260418,20260418,2026-04-18 19:55:41.702,2026-04-18 22:35:41.702,160.0,False,False
644,6F004,2,7,20260418,20260418,2026-04-18 19:53:41.701,2026-04-18 23:33:41.701,220.0,False,False
645,AI027,1,10,20260418,20260418,2026-04-18 19:41:41.701,2026-04-18 23:23:41.701,222.0,False,False
646,AI238,1,15,20260418,20260419,2026-04-18 19:25:41.704,2026-04-19 00:07:41.704,282.0,True,False
647,SJ105,3,9,20260418,20260418,2026-04-18 19:22:41.702,2026-04-18 22:48:41.702,206.0,False,False
648,UK088,4,26,20260418,20260418,2026-04-18 19:16:41.702,2026-04-18 23:36:41.702,260.0,False,False
649,6F035,2,14,20260418,20260418,2026-04-18 19:16:41.701,2026-04-18 23:40:41.701,264.0,False,False
650,AI133,1,18,20260418,20260418,2026-04-18 19:12:41.702,2026-04-18 21:32:41.702,140.0,False,False
651,AI001,1,19,20260418,20260418,2026-04-18 19:00:41.700,2026-04-18 22:03:41.700,183.0,False,False
652,SJ133,3,7,20260418,20260418,2026-04-18 18:50:41.702,2026-04-18 21:29:41.702,159.0,False,False
653,SJ216,3,7,20260418,20260418,2026-04-18 18:35:41.703,2026-04-18 21:31:41.703,176.0,False,False
654,SJ225,4,19,20260418,20260418,2026-04-18 18:16:41.704,2026-04-18 20:53:41.704,157.0,False,False
655,AI147,1,23,20260418,20260418,2026-04-18 18:14:41.703,2026-04-18 20:10:41.703,116.0,False,False
656,SJ054,3,26,20260418,20260418,2026-04-18 18:13:41.701,2026-04-18 22:46:41.701,273.0,False,False
657,6F197,2,6,20260418,20260418,2026-04-18 17:59:41.703,2026-04-18 22:44:41.703,285.0,False,False
658,SJ066,3,23,20260418,20260418,2026-04-18 17:47:41.701,2026-04-18 19:03:41.701,76.0,False,False
659,SJ183,3,13,20260418,20260418,2026-04-18 17:44:41.703,2026-04-18 19:40:41.703,116.0,False,False
660,SJ151,3,7,20260418,20260418,2026-04-18 17:44:41.702,2026-04-18 19:16:41.702,92.0,False,False
661,SJ071,3,15,20260418,20260418,2026-04-18 17:43:41.701,2026-04-18 19:32:41.701,109.0,False,False
662,SJ102,3,28,20260418,20260418,2026-04-18 17:26:41.702,2026-04-18 18:58:41.702,92.0,False,False
663,AI209,1,2,20260418,20260418,2026-04-18 17:25:41.703,2026-04-18 18:37:41.703,72.0,False,False
664,6F111,2,24,20260418,20260418,2026-04-18 17:09:41.702,2026-04-18 20:02:41.702,173.0,False,False
665,AI050,1,1,20260418,20260418,2026-04-18 17:07:41.701,2026-04-18 19:42:41.701,155.0,False,False
666,SJ189,3,21,20260418,20260418,2026-04-18 17:05:41.703,2026-04-18 22:01:41.703,296.0,False,False
667,UK112,4,13,20260418,20260418,2026-04-18 17:05:41.702,2026-04-18 19:47:41.702,162.0,False,False
668,6F171,2,16,20260418,20260418,2026-04-18 17:03:41.703,2026-04-18 18:12:41.703,69.0,False,False
669,AI011,1,12,20260418,20260418,2026-04-18 16:58:41.701,2026-04-18 21:01:41.701,243.0,False,False
670,6F027,2,3,20260418,20260418,2026-04-18 16:52:41.701,2026-04-18 18:21:41.701,89.0,False,False
671,UK082,5,17,20260418,20260418,2026-04-18 16:50:41.702,2026-04-18 21:21:41.702,271.0,False,False
672,UK138,5,16,20260418,20260418,2026-04-18 16:47:41.703,2026-04-18 19:36:41.703,169.0,False,False
673,UK198,5,16,20260418,20260418,2026-04-18 16:43:41.703,2026-04-18 18:18:41.703,95.0,False,False
674,6F039,2,28,20260418,20260418,2026-04-18 16:43:41.701,2026-04-18 21:01:41.701,258.0,False,False
675,6F157,2,28,20260418,20260418,2026-04-18 16:37:41.703,2026-04-18 18:04:41.703,87.0,False,False
676,SJ024,3,20,20260418,20260418,2026-04-18 16:29:41.701,2026-04-18 20:21:41.701,232.0,False,False
677,6F167,2,1,20260418,20260418,2026-04-18 16:26:41.703,2026-04-18 17:50:41.703,84.0,False,False
678,AI197,1,7,20260418,20260418,2026-04-18 16:25:41.703,2026-04-18 20:00:41.703,215.0,False,False
679,SJ211,3,27,20260418,20260418,2026-04-18 16:22:41.703,2026-04-18 18:34:41.703,132.0,False,False
680,6F055,2,18,20260418,20260418,2026-04-18 16:21:41.701,2026-04-18 18:49:41.701,148.0,False,False
681,AI253,1,1,20260418,20260418,2026-04-18 16:13:41.704,2026-04-18 19:51:41.704,218.0,False,False
682,UK060,5,2,20260418,20260418,2026-04-18 16:09:41.701,2026-04-18 19:42:41.701,213.0,False,False
683,6F257,4,28,20260418,20260418,2026-04-18 16:04:41.704,2026-04-18 19:55:41.704,231.0,False,False
684,SJ135,3,28,20260418,20260418,2026-04-18 16:03:41.702,2026-04-18 19:48:41.702,225.0,False,False
685,AI247,1,7,20260418,20260418,2026-04-18 15:58:41.704,2026-04-18 19:02:41.704,184.0,False,False
686,UK127,5,9,20260418,20260418,2026-04-18 15:56:41.702,2026-04-18 20:00:41.702,244.0,False,False
687,AI109,1,1,20260418,20260418,2026-04-18 15:53:41.702,2026-04-18 20:14:41.702,261.0,False,False
688,AI057,1,7,20260418,20260418,2026-04-18 15:53:41.701,2026-04-18 19:22:41.701,209.0,False,False
689,6F103,2,15,20260418,20260418,2026-04-18 15:37:41.702,2026-04-18 18:32:41.702,175.0,False,False
690,SJ144,3,1,20260418,20260418,2026-04-18 15:35:41.702,2026-04-18 19:12:41.702,217.0,False,False
691,6F076,2,14,20260418,20260418,2026-04-18 15:35:41.702,2026-04-18 16:20:41.702,45.0,False,False
692,6F240,2,19,20260418,20260418,2026-04-18 15:31:41.704,2026-04-18 19:56:41.704,265.0,False,False
693,UK057,5,13,20260418,20260418,2026-04-18 15:25:41.701,2026-04-18 20:04:41.701,279.0,False,False
694,AI201,1,2,20260418,20260418,2026-04-18 15:19:41.703,2026-04-18 16:40:41.703,81.0,False,False
695,SJ242,3,4,20260418,20260418,2026-04-18 14:55:41.704,2026-04-18 17:42:41.704,167.0,False,False
696,6F037,2,10,20260418,20260418,2026-04-18 14:51:41.701,2026-04-18 17:23:41.701,152.0,False,False
697,SJ132,3,29,20260418,20260418,2026-04-18 14:44:41.702,2026-04-18 15:36:41.702,52.0,False,False
698,AI055,1,12,20260418,20260418,2026-04-18 14:39:41.701,2026-04-18 16:18:41.701,99.0,False,False
699,6F252,4,26,20260418,20260418,2026-04-18 14:25:41.701,2026-04-18 18:52:41.701,267.0,False,False
700,AI183,1,18,20260418,20260418,2026-04-18 14:24:41.703,2026-04-18 16:06:41.703,102.0,False,False
701,SJ125,3,16,20260418,20260418,2026-04-18 14:21:41.702,2026-04-18 16:55:41.702,154.0,False,False
702,SJ087,3,8,20260418,20260418,2026-04-18 14:20:41.702,2026-04-18 19:09:41.702,289.0,False,False
703,UK182,5,23,20260418,20260418,2026-04-18 14:19:41.703,2026-04-18 18:25:41.703,246.0,False,False
704,AI016,1,7,20260418,20260418,2026-04-18 14:15:41.701,2026-04-18 18:38:41.701,263.0,False,False
705,6F107,2,11,20260418,20260418,2026-04-18 14:14:41.702,2026-04-18 17:14:42.000,180.0,False,False
706,AI026,1,17,20260418,20260418,2026-04-18 14:14:41.701,2026-04-18 15:13:41.701,59.0,False,False
707,AI177,1,14,20260418,20260418,2026-04-18 14:11:41.703,2026-04-18 16:26:41.703,135.0,False,False
708,AI041,1,6,20260418,20260418,2026-04-18 14:08:41.701,2026-04-18 15:59:41.701,111.0,False,False
709,6F264,4,19,20260418,20260418,2026-04-18 14:03:41.701,2026-04-18 18:23:41.701,260.0,False,False
710,6F222,2,25,20260418,20260418,2026-04-18 14:01:41.704,2026-04-18 16:11:41.704,130.0,False,False
711,AI004,1,25,20260418,20260418,2026-04-18 13:58:41.701,2026-04-18 18:12:41.701,254.0,False,False
712,SJ126,3,16,20260418,20260418,2026-04-18 13:47:41.702,2026-04-18 16:31:41.702,164.0,False,False
713,SJ220,3,7,20260418,20260418,2026-04-18 13:45:41.703,2026-04-18 15:21:41.703,96.0,False,False
714,AI204,1,15,20260418,20260418,2026-04-18 13:40:41.703,2026-04-18 18:38:41.703,298.0,False,False
715,UK098,5,13,20260418,20260418,2026-04-18 13:38:41.702,2026-04-18 17:54:41.702,256.0,False,False
716,AI090,1,28,20260418,20260418,2026-04-18 13:37:41.702,2026-04-18 16:11:41.702,154.0,False,False
717,AI092,1,12,20260418,20260418,2026-04-18 13:36:41.702,2026-04-18 16:20:41.702,164.0,False,False
718,AI049,1,15,20260418,20260418,2026-04-18 13:35:41.701,2026-04-18 15:48:41.701,133.0,False,False
719,UK117,5,1,20260418,20260418,2026-04-18 13:17:41.702,2026-04-18 16:54:41.702,217.0,False,False
720,6F227,2,27,20260418,20260418,2026-04-18 13:16:41.704,2026-04-18 17:41:41.704,265.0,False,False
721,AI228,1,1,20260418,20260418,2026-04-18 13:16:41.703,2026-04-18 17:44:41.703,268.0,False,False
722,SJ164,3,15,20260418,20260418,2026-04-18 13:14:41.703,2026-04-18 15:14:42.000,120.0,False,False
723,AI018,1,7,20260418,20260418,2026-04-18 13:12:41.701,2026-04-18 18:04:41.701,292.0,False,False
724,UK192,5,24,20260418,20260418,2026-04-18 12:54:41.703,2026-04-18 13:54:42.000,60.0,False,False
725,SJ224,3,20,20260418,20260418,2026-04-18 12:41:41.703,2026-04-18 15:33:41.703,172.0,False,False
726,UK050,5,8,20260418,20260418,2026-04-18 12:39:41.701,2026-04-18 13:18:41.701,39.0,False,False
727,SJ159,3,13,20260418,20260418,2026-04-18 12:22:41.703,2026-04-18 14:05:41.703,103.0,False,False
728,UK038,5,28,20260418,20260418,2026-04-18 12:22:41.701,2026-04-18 15:31:41.701,189.0,False,False
729,6F192,2,11,20260418,20260418,2026-04-18 12:20:41.703,2026-04-18 16:45:41.703,265.0,False,False
730,6F173,2,7,20260418,20260418,2026-04-18 12:19:41.703,2026-04-18 13:08:41.703,49.0,False,False
731,AI185,1,12,20260418,20260418,2026-04-18 12:16:41.703,2026-04-18 16:18:41.703,242.0,False,False
732,SJ152,3,8,20260418,20260418,2026-04-18 12:09:41.702,2026-04-18 13:50:41.702,101.0,False,False
733,AI215,1,3,20260418,20260418,2026-04-18 12:07:41.703,2026-04-18 13:43:41.703,96.0,False,False
734,AI074,1,12,20260418,20260418,2026-04-18 12:03:41.702,2026-04-18 12:50:41.702,47.0,False,False
735,6F109,2,1,20260418,20260418,2026-04-18 12:00:41.702,2026-04-18 12:51:41.702,51.0,False,False
736,6F144,2,22,20260418,20260418,2026-04-18 11:56:41.702,2026-04-18 15:11:41.702,195.0,False,False
737,6F210,2,24,20260418,20260418,2026-04-18 11:51:41.703,2026-04-18 15:58:41.703,247.0,False,False
738,SJ111,3,20,20260418,20260418,2026-04-18 11:47:41.702,2026-04-18 12:59:41.702,72.0,False,False
739,UK092,5,26,20260418,20260418,2026-04-18 11:42:41.702,2026-04-18 13:17:41.702,95.0,False,False
740,UK009,5,8,20260418,20260418,2026-04-18 11:34:41.701,2026-04-18 13:41:41.701,127.0,False,False
741,AI170,1,24,20260418,20260418,2026-04-18 11:27:41.703,2026-04-18 15:50:41.703,263.0,False,False
742,6F154,2,13,20260418,20260418,2026-04-18 11:26:41.703,2026-04-18 12:23:41.703,57.0,False,False
743,6F161,2,29,20260418,20260418,2026-04-18 11:24:41.703,2026-04-18 12:21:41.703,57.0,False,False
744,UK128,5,7,20260418,20260418,2026-04-18 11:22:41.702,2026-04-18 14:11:41.702,169.0,False,False
745,AI186,1,17,20260418,20260418,2026-04-18 11:11:41.703,2026-04-18 13:05:41.703,114.0,False,False
746,AI099,1,1,20260418,20260418,2026-04-18 11:07:41.702,2026-04-18 13:29:41.702,142.0,False,False
747,6F203,2,4,20260418,20260418,2026-04-18 11:05:41.703,2026-04-18 12:56:41.703,111.0,False,False
748,UK139,4,5,20260418,20260418,2026-04-18 10:54:41.703,2026-04-18 14:31:41.703,217.0,False,False
749,SJ008,3,21,20260418,20260418,2026-04-18 10:53:41.701,2026-04-18 15:48:41.701,295.0,False,False
750,AI171,1,26,20260418,20260418,2026-04-18 10:51:41.703,2026-04-18 13:34:41.703,163.0,False,False
751,6F124,2,1,20260418,20260418,2026-04-18 10:47:41.702,2026-04-18 15:21:41.702,274.0,False,False
752,6F137,2,13,20260418,20260418,2026-04-18 10:45:41.702,2026-04-18 15:01:41.702,256.0,False,False
753,AI008,1,7,20260418,20260418,2026-04-18 10:43:41.701,2026-04-18 12:43:42.000,120.0,False,False
754,SJ140,4,24,20260418,20260418,2026-04-18 10:42:41.702,2026-04-18 14:30:41.702,228.0,False,False
755,UK016,5,18,20260418,20260418,2026-04-18 10:42:41.701,2026-04-18 11:22:41.701,40.0,False,False
756,AI127,1,19,20260418,20260418,2026-04-18 10:37:41.702,2026-04-18 13:45:41.702,188.0,False,False
757,SJ096,4,19,20260418,20260418,2026-04-18 10:29:41.702,2026-04-18 13:45:41.702,196.0,False,False
758,6F048,2,24,20260418,20260418,2026-04-18 10:27:41.701,2026-04-18 11:18:41.701,51.0,False,False
759,SJ090,3,25,20260418,20260418,2026-04-18 10:24:41.702,2026-04-18 13:11:41.702,167.0,False,False
760,AI014,1,25,20260418,20260418,2026-04-18 10:24:41.701,2026-04-18 13:51:41.701,207.0,False,False
761,6F131,2,4,20260418,20260418,2026-04-18 10:22:41.702,2026-04-18 14:20:41.702,238.0,False,False
762,AI130,1,6,20260418,20260418,2026-04-18 10:18:41.702,2026-04-18 12:59:41.702,161.0,False,False
763,UK151,4,7,20260418,20260418,2026-04-18 10:11:41.703,2026-04-18 13:30:41.703,199.0,False,False
764,6F165,2,1,20260418,20260418,2026-04-18 10:11:41.703,2026-04-18 11:09:41.703,58.0,False,False
765,UK161,5,1,20260418,20260418,2026-04-18 10:05:41.703,2026-04-18 12:48:41.703,163.0,False,False
766,AI107,1,23,20260418,20260418,2026-04-18 10:03:41.702,2026-04-18 10:49:41.702,46.0,False,False
767,SJ104,3,24,20260418,20260418,2026-04-18 10:00:41.702,2026-04-18 11:00:42.000,60.0,False,False
768,AI042,1,13,20260418,20260418,2026-04-18 09:53:41.701,2026-04-18 10:57:41.701,64.0,False,False
769,6F266,4,15,20260418,20260418,2026-04-18 09:49:41.703,2026-04-18 11:17:41.703,88.0,False,False
770,6F138,2,21,20260418,20260418,2026-04-18 09:49:41.702,2026-04-18 12:53:41.702,184.0,False,False
771,SJ219,3,8,20260418,20260418,2026-04-18 09:32:41.703,2026-04-18 14:09:41.703,277.0,False,False
772,UK197,5,4,20260418,20260418,2026-04-18 09:22:41.703,2026-04-18 10:54:41.703,92.0,False,False
773,6F119,2,17,20260418,20260418,2026-04-18 09:19:41.702,2026-04-18 11:33:41.702,134.0,False,False
774,SJ058,3,19,20260418,20260418,2026-04-18 08:58:41.701,2026-04-18 13:14:41.701,256.0,False,False
775,AI218,1,7,20260418,20260418,2026-04-18 08:55:41.703,2026-04-18 11:55:41.703,180.0,False,False
776,SJ060,3,23,20260418,20260418,2026-04-18 08:51:41.701,2026-04-18 13:46:41.701,295.0,False,False
777,UK121,5,1,20260418,20260418,2026-04-18 08:36:41.702,2026-04-18 12:36:41.702,240.0,False,False
778,6F208,2,12,20260418,20260418,2026-04-18 08:27:41.703,2026-04-18 11:34:41.703,187.0,False,False
779,6F153,2,11,20260418,20260418,2026-04-18 08:23:41.703,2026-04-18 12:20:41.703,237.0,False,False
780,AI117,1,21,20260418,20260418,2026-04-18 08:18:41.702,2026-04-18 10:09:41.702,111.0,False,False
781,SJ113,3,1,20260418,20260418,2026-04-18 08:10:41.702,2026-04-18 10:10:42.000,120.0,False,False
782,AI191,1,5,20260418,20260418,2026-04-18 07:57:41.703,2026-04-18 11:58:41.703,241.0,False,False
783,6F267,4,20,20260418,20260418,2026-04-18 07:56:41.703,2026-04-18 11:49:41.703,233.0,False,False
784,6F185,2,13,20260418,20260418,2026-04-18 07:49:41.703,2026-04-18 10:08:41.703,139.0,False,False
785,AI114,1,13,20260418,20260418,2026-04-18 07:48:41.702,2026-04-18 09:03:41.702,75.0,False,False
786,6F155,2,16,20260418,20260418,2026-04-18 07:47:41.703,2026-04-18 08:20:41.703,33.0,False,False
787,UK045,5,30,20260418,20260418,2026-04-18 07:43:41.701,2026-04-18 09:28:41.701,105.0,False,False
788,AI111,1,28,20260418,20260418,2026-04-18 07:40:41.702,2026-04-18 10:39:41.702,179.0,False,False
789,AI156,1,12,20260418,20260418,2026-04-18 07:39:41.703,2026-04-18 09:22:41.703,103.0,False,False
790,SJ128,3,11,20260418,20260418,2026-04-18 07:39:41.702,2026-04-18 10:42:41.702,183.0,False,False
791,AI104,1,30,20260418,20260418,2026-04-18 07:35:41.702,2026-04-18 09:20:41.702,105.0,False,False
792,6F225,2,23,20260418,20260418,2026-04-18 07:33:41.704,2026-04-18 12:12:41.704,279.0,False,False
793,6F033,2,19,20260418,20260418,2026-04-18 07:08:41.701,2026-04-18 09:08:41.701,120.0,False,False
794,6F244,2,28,20260418,20260418,2026-04-18 07:07:41.704,2026-04-18 08:31:41.704,84.0,False,False
795,UK137,5,10,20260418,20260418,2026-04-18 07:04:41.703,2026-04-18 09:14:41.703,130.0,False,False
796,AI063,1,21,20260418,20260418,2026-04-18 07:03:41.701,2026-04-18 11:26:41.701,263.0,False,False
797,SJ156,3,8,20260418,20260418,2026-04-18 06:59:41.703,2026-04-18 07:34:41.703,35.0,False,False
798,UK125,5,22,20260418,20260418,2026-04-18 06:58:41.702,2026-04-18 11:44:41.702,286.0,False,False
799,AI232,1,16,20260418,20260418,2026-04-18 06:43:41.704,2026-04-18 10:13:41.704,210.0,False,False
800,AI167,1,3,20260418,20260418,2026-04-18 06:43:41.703,2026-04-18 11:10:41.703,267.0,False,False
801,UK160,5,1,20260418,20260418,2026-04-18 06:42:41.703,2026-04-18 10:58:41.703,256.0,False,False
802,UK129,5,25,20260418,20260418,2026-04-18 06:29:41.702,2026-04-18 07:29:42.000,60.0,False,False
803,SJ230,3,7,20260418,20260418,2026-04-18 06:22:41.704,2026-04-18 10:57:41.704,275.0,False,False
804,SJ056,3,24,20260418,20260418,2026-04-18 06:11:41.701,2026-04-18 07:10:41.701,59.0,False,False
805,SJ137,3,13,20260418,20260418,2026-04-18 06:08:41.702,2026-04-18 10:14:41.702,246.0,False,False
806,6F081,2,26,20260418,20260418,2026-04-18 06:04:41.702,2026-04-18 07:43:41.702,99.0,False,False
807,6F088,2,11,20260418,20260418,2026-04-18 05:51:41.702,2026-04-18 08:22:41.702,151.0,False,False
808,6F121,2,25,20260418,20260418,2026-04-18 05:44:41.702,2026-04-18 10:42:41.702,298.0,False,False
809,UK214,5,24,20260418,20260418,2026-04-18 05:30:41.704,2026-04-18 09:10:41.704,220.0,False,False
810,6F060,2,16,20260418,20260418,2026-04-18 05:29:41.701,2026-04-18 07:29:42.000,120.0,False,False
811,SJ101,3,13,20260418,20260418,2026-04-18 05:17:41.702,2026-04-18 06:57:41.702,100.0,False,False
812,AI017,1,12,20260418,20260418,2026-04-18 05:15:41.701,2026-04-18 08:48:41.701,213.0,False,False
813,6F120,2,1,20260418,20260418,2026-04-18 05:14:41.702,2026-04-18 06:14:41.702,60.0,False,False
814,6F217,2,1,20260418,20260418,2026-04-18 05:13:41.704,2026-04-18 08:01:41.704,168.0,False,False
815,AI194,1,26,20260418,20260418,2026-04-18 05:09:41.703,2026-04-18 09:38:41.703,269.0,False,False
816,AI095,1,20,20260418,20260418,2026-04-18 05:00:41.702,2026-04-18 08:18:41.702,198.0,False,False
817,SJ190,3,7,20260418,20260418,2026-04-18 04:57:41.703,2026-04-18 09:25:41.703,268.0,False,False
818,6F139,2,25,20260418,20260418,2026-04-18 04:55:41.702,2026-04-18 08:17:41.702,202.0,False,False
819,6F062,2,13,20260418,20260418,2026-04-18 04:55:41.701,2026-04-18 06:22:41.701,87.0,False,False
820,UK011,5,13,20260418,20260418,2026-04-18 04:41:41.701,2026-04-18 06:25:41.701,104.0,False,False
821,6F100,2,6,20260418,20260418,2026-04-18 04:40:41.702,2026-04-18 07:49:41.702,189.0,False,False
822,6F228,2,25,20260418,20260418,2026-04-18 04:36:41.704,2026-04-18 09:27:41.704,291.0,False,False
823,UK033,5,24,20260418,20260418,2026-04-18 04:34:41.701,2026-04-18 09:18:41.701,284.0,False,False
824,SJ231,3,16,20260418,20260418,2026-04-18 04:23:41.704,2026-04-18 05:48:41.704,85.0,False,False
825,AI166,1,7,20260418,20260418,2026-04-18 04:20:41.703,2026-04-18 07:23:41.703,183.0,False,False
826,SJ176,3,17,20260418,20260418,2026-04-18 04:15:41.703,2026-04-18 06:17:41.703,122.0,False,False
827,SJ065,3,26,20260418,20260418,2026-04-18 04:10:41.701,2026-04-18 06:54:41.701,164.0,False,False
828,6F160,2,26,20260418,20260418,2026-04-18 04:09:41.703,2026-04-18 08:26:41.703,257.0,False,False
829,AI089,1,12,20260418,20260418,2026-04-18 04:05:41.702,2026-04-18 04:47:41.702,42.0,False,False
830,UK226,5,30,20260418,20260418,2026-04-18 03:58:41.704,2026-04-18 05:01:41.704,63.0,False,False
831,SJ123,3,7,20260418,20260418,2026-04-18 03:57:41.702,2026-04-18 05:25:41.702,88.0,False,False
832,AI054,1,23,20260418,20260418,2026-04-18 03:44:41.701,2026-04-18 08:10:41.701,266.0,False,False
833,UK019,5,9,20260418,20260418,2026-04-18 03:41:41.701,2026-04-18 04:35:41.701,54.0,False,False
834,UK032,5,1,20260418,20260418,2026-04-18 03:31:41.701,2026-04-18 07:28:41.701,237.0,False,False
835,SJ100,3,26,20260418,20260418,2026-04-18 03:28:41.702,2026-04-18 06:50:41.702,202.0,False,False
836,SJ094,3,30,20260418,20260418,2026-04-18 03:23:41.702,2026-04-18 08:07:41.702,284.0,False,False
837,6F101,2,10,20260418,20260418,2026-04-18 03:18:41.702,2026-04-18 08:15:41.702,297.0,False,False
838,6F006,2,6,20260418,20260418,2026-04-18 03:06:41.701,2026-04-18 05:06:42.000,120.0,False,False
839,AI006,1,6,20260418,20260418,2026-04-18 03:04:41.701,2026-04-18 05:54:41.701,170.0,False,False
840,AI195,1,15,20260418,20260418,2026-04-18 02:58:41.703,2026-04-18 04:57:41.703,119.0,False,False
841,UK072,5,6,20260418,20260418,2026-04-18 02:55:41.702,2026-04-18 05:55:42.000,180.0,False,False
842,AI244,1,1,20260418,20260418,2026-04-18 02:50:41.704,2026-04-18 03:25:41.704,35.0,False,False
843,SJ059,3,13,20260418,20260418,2026-04-18 02:50:41.701,2026-04-18 04:06:41.701,76.0,False,False
844,SJ009,3,11,20260418,20260418,2026-04-18 02:48:41.701,2026-04-18 04:23:41.701,95.0,False,False
845,AI121,1,25,20260418,20260418,2026-04-18 02:42:41.702,2026-04-18 06:11:41.702,209.0,False,False
846,6F265,4,19,20260418,20260418,2026-04-18 02:27:41.703,2026-04-18 03:24:41.703,57.0,False,False
847,6F110,2,24,20260418,20260418,2026-04-18 02:27:41.702,2026-04-18 05:48:41.702,201.0,False,False
848,UK018,5,7,20260418,20260418,2026-04-18 02:15:41.701,2026-04-18 04:08:41.701,113.0,False,False
849,6F072,2,2,20260418,20260418,2026-04-18 02:14:41.702,2026-04-18 03:11:41.702,57.0,False,False
850,6F159,2,12,20260418,20260418,2026-04-18 02:08:41.703,2026-04-18 02:43:41.703,35.0,False,False
851,6F095,2,5,20260418,20260418,2026-04-18 01:53:41.702,2026-04-18 05:34:41.702,221.0,False,False
852,SJ129,3,12,20260418,20260418,2026-04-18 01:48:41.702,2026-04-18 05:48:41.702,240.0,False,False
853,UK039,5,22,20260418,20260418,2026-04-18 01:40:41.701,2026-04-18 02:53:41.701,73.0,False,False
854,6F130,2,19,20260418,20260418,2026-04-18 01:27:41.702,2026-04-18 02:45:41.702,78.0,False,False
855,6F247,2,19,20260418,20260418,2026-04-18 01:27:41.702,2026-04-18 02:45:41.702,78.0,False,False
856,SJ233,3,19,20260418,20260418,2026-04-18 01:18:41.704,2026-04-18 02:56:41.704,98.0,False,False
857,6F231,2,25,20260418,20260418,2026-04-18 01:16:41.704,2026-04-18 05:43:41.704,267.0,False,False
858,AI125,4,13,20260418,20260418,2026-04-18 01:12:41.702,2026-04-18 04:51:41.702,219.0,False,False
859,6F102,2,25,20260418,20260418,2026-04-18 01:10:41.702,2026-04-18 02:24:41.702,74.0,False,False
860,UK078,5,9,20260418,20260418,2026-04-18 01:03:41.702,2026-04-18 04:32:41.702,209.0,False,False
861,UK043,4,19,20260418,20260418,2026-04-18 00:48:41.701,2026-04-18 04:52:41.701,244.0,False,False
862,AI144,1,27,20260418,20260418,2026-04-18 00:43:41.702,2026-04-18 03:36:41.702,173.0,False,False
863,UK054,5,1,20260418,20260418,2026-04-18 00:37:41.701,2026-04-18 05:30:41.701,293.0,False,False
864,UK108,5,16,20260418,20260418,2026-04-18 00:28:41.702,2026-04-18 03:46:41.702,198.0,False,False
865,6F008,2,17,20260418,20260418,2026-04-18 00:14:41.701,2026-04-18 04:59:41.701,285.0,False,False
866,6F106,2,7,20260418,20260418,2026-04-18 00:10:41.702,2026-04-18 01:52:41.702,102.0,False,False
867,AI203,1,7,20260418,20260418,2026-04-18 00:09:41.703,2026-04-18 02:56:41.703,167.0,False,False
868,AI065,4,26,20260418,20260418,2026-04-18 00:09:41.701,2026-04-18 05:00:41.701,291.0,False,False
869,UK053,5,1,20260417,20260418,2026-04-17 23:56:41.701,2026-04-18 02:46:41.701,170.0,True,False
870,UK086,5,11,20260417,20260418,2026-04-17 23:55:41.702,2026-04-18 02:27:41.702,152.0,True,False
871,SJ223,3,25,20260417,20260418,2026-04-17 23:54:41.703,2026-04-18 01:08:41.703,74.0,True,False
872,6F069,2,26,20260417,20260418,2026-04-17 23:44:41.701,2026-04-18 03:17:41.701,213.0,True,False
873,6F032,2,17,20260417,20260418,2026-04-17 23:43:41.701,2026-04-18 02:22:41.701,159.0,True,False
874,UK178,5,16,20260417,20260418,2026-04-17 23:41:41.703,2026-04-18 04:09:41.703,268.0,True,False
875,6F108,2,19,20260417,20260418,2026-04-17 23:41:41.702,2026-04-18 03:23:41.702,222.0,True,False
876,UK147,5,13,20260417,20260418,2026-04-17 23:35:41.703,2026-04-18 02:55:41.703,200.0,True,False
877,AI187,1,4,20260417,20260418,2026-04-17 23:32:41.703,2026-04-18 01:16:41.703,104.0,True,False
878,UK213,5,7,20260417,20260418,2026-04-17 23:21:41.704,2026-04-18 01:01:41.704,100.0,True,False
879,AI035,1,20,20260417,20260418,2026-04-17 23:17:41.701,2026-04-18 00:48:41.701,91.0,True,False
880,UK186,5,6,20260417,20260418,2026-04-17 23:05:41.703,2026-04-18 02:22:41.703,197.0,True,False
881,6F045,2,9,20260417,20260418,2026-04-17 23:04:41.701,2026-04-18 03:38:41.701,274.0,True,False
882,UK025,5,17,20260417,20260418,2026-04-17 22:55:41.701,2026-04-18 02:47:41.701,232.0,True,False
883,UK162,5,7,20260417,20260418,2026-04-17 22:47:41.703,2026-04-18 00:21:41.703,94.0,True,False
884,AI157,1,2,20260417,20260418,2026-04-17 22:45:41.703,2026-04-18 01:33:41.703,168.0,True,False
885,6F096,2,26,20260417,20260418,2026-04-17 22:45:41.702,2026-04-18 02:58:41.702,253.0,True,False
886,SJ229,3,13,20260417,20260418,2026-04-17 22:25:41.704,2026-04-18 00:27:41.704,122.0,True,False
887,AI214,1,13,20260417,20260418,2026-04-17 22:23:41.703,2026-04-18 02:49:41.703,266.0,True,False
888,6F205,2,22,20260417,20260418,2026-04-17 22:16:41.703,2026-04-18 00:02:41.703,106.0,True,False
889,SJ157,3,19,20260417,20260418,2026-04-17 22:11:41.703,2026-04-18 01:05:41.703,174.0,True,False
890,UK114,5,23,20260417,20260417,2026-04-17 22:10:41.702,2026-04-17 23:58:41.702,108.0,False,False
891,6F054,2,21,20260417,20260418,2026-04-17 22:00:41.701,2026-04-18 01:25:41.701,205.0,True,False
892,6F216,2,3,20260417,20260418,2026-04-17 21:58:41.704,2026-04-18 02:51:41.704,293.0,True,False
893,AI231,1,19,20260417,20260417,2026-04-17 21:52:41.704,2026-04-17 23:51:41.704,119.0,False,False
894,UK103,5,29,20260417,20260418,2026-04-17 21:52:41.702,2026-04-18 01:06:41.702,194.0,True,False
895,AI066,1,25,20260417,20260418,2026-04-17 21:51:41.701,2026-04-18 00:11:41.701,140.0,True,False
896,6F186,2,22,20260417,20260418,2026-04-17 21:48:41.703,2026-04-18 02:02:41.703,254.0,True,False
897,AI021,1,19,20260417,20260418,2026-04-17 21:39:41.701,2026-04-18 01:38:41.701,239.0,True,False
898,AI113,1,14,20260417,20260417,2026-04-17 21:21:41.702,2026-04-17 23:51:41.702,150.0,False,False
899,SJ031,3,17,20260417,20260417,2026-04-17 21:20:41.701,2026-04-17 22:29:41.701,69.0,False,False
900,UK217,5,28,20260417,20260417,2026-04-17 21:19:41.704,2026-04-17 22:14:41.704,55.0,False,False
901,SJ120,3,26,20260417,20260418,2026-04-17 21:19:41.702,2026-04-18 00:56:41.702,217.0,True,False
902,UK180,5,15,20260417,20260417,2026-04-17 21:18:41.703,2026-04-17 23:29:41.703,131.0,False,False
903,6F242,2,5,20260417,20260418,2026-04-17 21:10:41.704,2026-04-18 01:04:41.704,234.0,True,False
904,UK080,5,5,20260417,20260417,2026-04-17 21:09:41.702,2026-04-17 22:29:41.702,80.0,False,False
905,SJ124,3,24,20260417,20260418,2026-04-17 21:05:41.702,2026-04-18 01:12:41.702,247.0,True,False
906,SJ115,3,9,20260417,20260417,2026-04-17 21:05:41.702,2026-04-17 23:10:41.702,125.0,False,False
907,AI081,1,12,20260417,20260417,2026-04-17 21:03:41.702,2026-04-17 22:51:41.702,108.0,False,False
908,AI142,1,8,20260417,20260417,2026-04-17 20:49:41.702,2026-04-17 23:03:41.702,134.0,False,False
909,UK052,5,2,20260417,20260417,2026-04-17 20:48:41.701,2026-04-17 21:40:41.701,52.0,False,False
910,UK014,5,25,20260417,20260417,2026-04-17 20:41:41.701,2026-04-17 22:06:41.701,85.0,False,False
911,AI230,4,11,20260417,20260418,2026-04-17 20:37:41.704,2026-04-18 00:22:41.704,225.0,True,False
912,6F268,4,20,20260417,20260417,2026-04-17 20:29:41.701,2026-04-17 21:58:41.701,89.0,False,False
913,AI124,1,14,20260417,20260418,2026-04-17 20:28:41.702,2026-04-18 00:00:41.702,212.0,True,False
914,6F082,2,6,20260417,20260417,2026-04-17 20:26:41.702,2026-04-17 22:26:41.702,120.0,False,False
915,SJ035,3,13,20260417,20260417,2026-04-17 20:15:41.701,2026-04-17 21:15:42.000,60.0,False,False
916,SJ095,3,20,20260417,20260417,2026-04-17 20:09:41.702,2026-04-17 23:13:41.702,184.0,False,False
917,UK230,5,1,20260417,20260417,2026-04-17 20:02:41.704,2026-04-17 21:35:41.704,93.0,False,False
918,UK171,5,23,20260417,20260417,2026-04-17 19:59:41.703,2026-04-17 22:53:41.703,174.0,False,False
919,6F147,2,25,20260417,20260418,2026-04-17 19:57:41.703,2026-04-18 00:31:41.703,274.0,True,False
920,SJ212,4,26,20260417,20260417,2026-04-17 19:49:41.703,2026-04-17 21:44:41.703,115.0,False,False
921,6F080,2,25,20260417,20260417,2026-04-17 19:47:41.702,2026-04-17 23:13:41.702,206.0,False,False
922,UK049,5,22,20260417,20260417,2026-04-17 19:47:41.701,2026-04-17 20:32:41.701,45.0,False,False
923,AI152,1,2,20260417,20260417,2026-04-17 19:21:41.703,2026-04-17 20:26:41.703,65.0,False,False
924,AI162,1,29,20260417,20260417,2026-04-17 19:20:41.703,2026-04-17 22:40:41.703,200.0,False,False
925,SJ037,3,1,20260417,20260417,2026-04-17 19:14:41.701,2026-04-17 22:31:41.701,197.0,False,False
926,AI172,1,7,20260417,20260417,2026-04-17 19:08:41.703,2026-04-17 19:53:41.703,45.0,False,False
927,UK205,5,25,20260417,20260417,2026-04-17 18:57:41.703,2026-04-17 21:46:41.703,169.0,False,False
928,AI199,1,24,20260417,20260417,2026-04-17 18:47:41.703,2026-04-17 22:26:41.703,219.0,False,False
929,6F241,2,19,20260417,20260417,2026-04-17 18:27:41.704,2026-04-17 19:02:41.704,35.0,False,False
930,SJ041,3,14,20260417,20260417,2026-04-17 18:24:41.701,2026-04-17 22:59:41.701,275.0,False,False
931,AI064,1,5,20260417,20260417,2026-04-17 18:24:41.701,2026-04-17 20:07:41.701,103.0,False,False
932,UK169,5,24,20260417,20260417,2026-04-17 18:12:41.703,2026-04-17 23:01:41.703,289.0,False,False
933,UK144,5,7,20260417,20260417,2026-04-17 18:07:41.703,2026-04-17 20:59:41.703,172.0,False,False
934,AI118,1,25,20260417,20260417,2026-04-17 17:50:41.702,2026-04-17 19:59:41.702,129.0,False,False
935,SJ145,3,4,20260417,20260417,2026-04-17 17:41:41.702,2026-04-17 20:38:41.702,177.0,False,False
936,SJ077,3,5,20260417,20260417,2026-04-17 17:32:41.701,2026-04-17 19:40:41.701,128.0,False,False
937,AI126,1,30,20260417,20260417,2026-04-17 17:26:41.702,2026-04-17 20:48:41.702,202.0,False,False
938,SJ033,3,24,20260417,20260417,2026-04-17 17:26:41.701,2026-04-17 18:51:41.701,85.0,False,False
939,SJ180,3,23,20260417,20260417,2026-04-17 17:12:41.703,2026-04-17 22:00:41.703,288.0,False,False
940,6F183,2,30,20260417,20260417,2026-04-17 17:08:41.703,2026-04-17 19:52:41.703,164.0,False,False
941,AI145,4,17,20260417,20260417,2026-04-17 17:06:41.702,2026-04-17 21:31:41.702,265.0,False,False
942,6F089,2,19,20260417,20260417,2026-04-17 17:06:41.702,2026-04-17 19:10:41.702,124.0,False,False
943,6F207,2,9,20260417,20260417,2026-04-17 16:59:41.703,2026-04-17 21:00:41.703,241.0,False,False
944,AI229,1,25,20260417,20260417,2026-04-17 16:48:41.703,2026-04-17 18:40:41.703,112.0,False,False
945,6F223,2,26,20260417,20260417,2026-04-17 16:47:41.704,2026-04-17 17:21:41.704,34.0,False,False
946,6F116,2,28,20260417,20260417,2026-04-17 16:43:41.702,2026-04-17 19:02:41.702,139.0,False,False
947,SJ240,3,9,20260417,20260417,2026-04-17 16:42:41.704,2026-04-17 20:21:41.704,219.0,False,False
948,SJ184,3,13,20260417,20260417,2026-04-17 16:32:41.703,2026-04-17 21:00:41.703,268.0,False,False
949,AI087,1,29,20260417,20260417,2026-04-17 16:32:41.702,2026-04-17 20:30:41.702,238.0,False,False
950,UK148,5,22,20260417,20260417,2026-04-17 16:31:41.703,2026-04-17 18:43:41.703,132.0,False,False
951,AI210,1,1,20260417,20260417,2026-04-17 16:13:41.703,2026-04-17 18:50:41.703,157.0,False,False
952,6F093,2,13,20260417,20260417,2026-04-17 16:09:41.702,2026-04-17 20:00:41.702,231.0,False,False
953,SJ080,3,15,20260417,20260417,2026-04-17 16:04:41.702,2026-04-17 17:59:41.702,115.0,False,False
954,SJ005,3,20,20260417,20260417,2026-04-17 16:03:41.701,2026-04-17 17:24:41.701,81.0,False,False
955,6F040,2,23,20260417,20260417,2026-04-17 15:52:41.701,2026-04-17 20:33:41.701,281.0,False,False
956,AI212,1,18,20260417,20260417,2026-04-17 15:31:41.703,2026-04-17 20:13:41.703,282.0,False,False
957,AI154,1,25,20260417,20260417,2026-04-17 15:25:41.703,2026-04-17 19:16:41.703,231.0,False,False
958,6F239,2,12,20260417,20260417,2026-04-17 15:24:41.704,2026-04-17 17:37:41.704,133.0,False,False
959,UK199,5,7,20260417,20260417,2026-04-17 15:24:41.703,2026-04-17 18:55:41.703,211.0,False,False
960,6F218,2,1,20260417,20260417,2026-04-17 15:16:41.704,2026-04-17 19:03:41.704,227.0,False,False
961,6F011,2,26,20260417,20260417,2026-04-17 15:16:41.701,2026-04-17 17:16:42.000,120.0,False,False
962,UK106,5,7,20260417,20260417,2026-04-17 15:12:41.702,2026-04-17 17:23:41.702,131.0,False,False
963,UK030,5,13,20260417,20260417,2026-04-17 15:11:41.701,2026-04-17 19:38:41.701,267.0,False,False
964,6F090,2,21,20260417,20260417,2026-04-17 15:10:41.702,2026-04-17 19:22:41.702,252.0,False,False
965,AI184,1,7,20260417,20260417,2026-04-17 15:03:41.703,2026-04-17 17:03:42.000,120.0,False,False
966,SJ232,3,26,20260417,20260417,2026-04-17 15:02:41.704,2026-04-17 19:22:41.704,260.0,False,False
967,AI153,1,7,20260417,20260417,2026-04-17 15:02:41.703,2026-04-17 16:30:41.703,88.0,False,False
968,UK101,5,19,20260417,20260417,2026-04-17 15:00:41.702,2026-04-17 17:43:41.702,163.0,False,False
969,6F200,2,24,20260417,20260417,2026-04-17 14:54:41.703,2026-04-17 19:41:41.703,287.0,False,False
970,6F162,2,12,20260417,20260417,2026-04-17 14:50:41.703,2026-04-17 17:44:41.703,174.0,False,False
971,SJ197,3,21,20260417,20260417,2026-04-17 14:49:41.703,2026-04-17 17:33:41.703,164.0,False,False
972,AI174,1,18,20260417,20260417,2026-04-17 14:45:41.703,2026-04-17 17:01:41.703,136.0,False,False
973,UK090,5,25,20260417,20260417,2026-04-17 14:44:41.702,2026-04-17 17:24:41.702,160.0,False,False
974,UK124,5,26,20260417,20260417,2026-04-17 14:35:41.702,2026-04-17 17:09:41.702,154.0,False,False
975,AI239,1,9,20260417,20260417,2026-04-17 14:33:41.704,2026-04-17 17:47:41.704,194.0,False,False
976,UK002,5,15,20260417,20260417,2026-04-17 14:28:41.700,2026-04-17 19:20:41.700,292.0,False,False
977,SJ055,3,25,20260417,20260417,2026-04-17 14:17:41.701,2026-04-17 17:56:41.701,219.0,False,False
978,UK132,5,8,20260417,20260417,2026-04-17 14:12:41.702,2026-04-17 16:19:41.702,127.0,False,False
979,6F002,2,5,20260417,20260417,2026-04-17 14:11:41.700,2026-04-17 17:34:41.700,203.0,False,False
980,UK005,5,10,20260417,20260417,2026-04-17 14:02:41.701,2026-04-17 18:14:41.701,252.0,False,False
981,6F258,4,8,20260417,20260417,2026-04-17 13:54:41.703,2026-04-17 16:49:41.703,175.0,False,False
982,SJ244,3,3,20260417,20260417,2026-04-17 13:51:41.704,2026-04-17 15:39:41.704,108.0,False,False
983,AI075,1,13,20260417,20260417,2026-04-17 13:51:41.702,2026-04-17 16:49:41.702,178.0,False,False
984,AI160,1,29,20260417,20260417,2026-04-17 13:41:41.703,2026-04-17 17:01:41.703,200.0,False,False
985,UK091,5,12,20260417,20260417,2026-04-17 13:37:41.702,2026-04-17 17:31:41.702,234.0,False,False
986,UK195,5,22,20260417,20260417,2026-04-17 13:35:41.703,2026-04-17 16:35:41.703,180.0,False,False
987,6F044,2,19,20260417,20260417,2026-04-17 13:25:41.701,2026-04-17 17:36:41.701,251.0,False,False
988,6F248,2,19,20260417,20260417,2026-04-17 13:25:41.701,2026-04-17 17:36:41.701,251.0,False,False
989,6F204,2,18,20260417,20260417,2026-04-17 13:23:41.703,2026-04-17 16:04:41.703,161.0,False,False
990,SJ092,3,5,20260417,20260417,2026-04-17 13:19:41.702,2026-04-17 17:56:41.702,277.0,False,False
991,AI119,1,26,20260417,20260417,2026-04-17 13:15:41.702,2026-04-17 15:57:41.702,162.0,False,False
992,AI151,1,30,20260417,20260417,2026-04-17 13:14:41.703,2026-04-17 14:10:41.703,56.0,False,False
993,UK107,5,22,20260417,20260417,2026-04-17 13:09:41.702,2026-04-17 14:25:41.702,76.0,False,False
994,SJ019,3,3,20260417,20260417,2026-04-17 13:07:41.701,2026-04-17 15:56:41.701,169.0,False,False
995,AI052,1,15,20260417,20260417,2026-04-17 13:06:41.701,2026-04-17 15:42:41.701,156.0,False,False
996,SJ177,3,7,20260417,20260417,2026-04-17 13:04:41.703,2026-04-17 17:37:41.703,273.0,False,False
997,6F215,2,16,20260417,20260417,2026-04-17 13:00:41.703,2026-04-17 17:30:41.703,270.0,False,False
998,AI223,1,7,20260417,20260417,2026-04-17 12:53:41.703,2026-04-17 14:42:41.703,109.0,False,False
999,SJ069,3,21,20260417,20260417,2026-04-17 12:53:41.701,2026-04-17 14:17:41.701,84.0,False,False
1000,6F198,2,21,20260417,20260417,2026-04-17 12:40:41.703,2026-04-17 17:39:41.703,299.0,False,False
1001,AI093,1,6,20260417,20260417,2026-04-17 12:35:41.702,2026-04-17 17:28:41.702,293.0,False,False
1002,UK062,5,24,20260417,20260417,2026-04-17 12:33:41.701,2026-04-17 15:35:41.701,182.0,False,False
1003,6F057,2,29,20260417,20260417,2026-04-17 12:32:41.701,2026-04-17 15:50:41.701,198.0,False,False
1004,UK064,5,8,20260417,20260417,2026-04-17 12:25:41.701,2026-04-17 14:55:41.701,150.0,False,False
