booking_key,booking_id,flight_id,passenger_key,booking_date_key,status,seat_number,is_confirmed,is_cancelled,is_pending
1,B1000,AI192,592,20250614,CANCELLED,3D,False,True,False
2,B1001,6F026,804,20251102,CANCELLED,18A,False,True,False
3,B1002,SJ010,84,20250825,CANCELLED,30C,False,True,False
4,B1003,AI069,365,20251230,CONFIRMED,33A,True,False,False
5,B1004,UK003,886,20251002,PENDING,25C,False,False,True
6,B1005,AI048,549,20250831,CONFIRMED,13D,True,False,False
7,B1006,AI140,342,20250629,CANCELLED,17F,False,True,False
8,B1007,UK167,839,20260312,CONFIRMED,22E,True,False,False
9,B1008,AI245,407,20250907,PENDING,34F,False,False,True
10,B1009,SJ158,425,20250428,CANCELLED,33C,False,True,False
11,B1010,AI155,744,20251124,CONFIRMED,15B,True,False,False
12,B1011,AI179,93,20251025,CONFIRMED,22C,True,False,False
13,B1012,AI137,848,20250815,PENDING,28B,False,False,True
14,B1013,SJ001,614,20250720,CONFIRMED,26E,True,False,False
15,B1014,SJ172,412,20250915,PENDING,21E,False,False,True
16,B1015,UK094,432,20251021,INVALID,6F,False,False,False
17,B1016,UK027,678,20260113,CANCELLED,6A,False,True,False
18,B1017,UK067,159,20260404,CONFIRMED,13B,True,False,False
19,B1018,6F196,14,20260325,CANCELLED,19B,False,True,False
20,B1019,6F164,373,20250731,CANCELLED,19A,False,True,False
21,B1020,SJ112,225,20251206,CONFIRMED,27B,True,False,False
22,B1021,6F190,505,20251207,CANCELLED,4E,False,True,False
23,B1022,AI080,73,20260325,CONFIRMED,16F,True,False,False
24,B1023,6F213,249,20260203,PENDING,24B,False,False,True
25,B1024,AI115,511,20250621,PENDING,30F,False,False,True
26,B1025,SJ049,603,20260318,PENDING,1B,False,False,True
27,B1026,AI058,216,20250627,CONFIRMED,32C,True,False,False
28,B1027,UK036,973,20250725,CONFIRMED,22A,True,False,False
29,B1028,SJ239,602,20250525,CANCELLED,26E,False,True,False
30,B1029,6F025,541,20250606,CANCELLED,19C,False,True,False
31,B1030,6F236,947,20260318,CANCELLED,21E,False,True,False
32,B1031,AI060,817,20251116,CANCELLED,1E,False,True,False
33,B1032,UK021,939,20250903,CANCELLED,18E,False,True,False
34,B1033,UK026,988,20250506,INVALID,19A,False,False,False
35,B1034,SJ179,220,20251231,CONFIRMED,22F,True,False,False
36,B1035,6F251,840,20250821,PENDING,11D,False,False,True
37,B1036,SJ149,727,20251124,PENDING,5B,False,False,True
38,B1037,AI188,221,20260320,PENDING,33E,False,False,True
39,B1038,SJ093,389,20260101,PENDING,12D,False,False,True
40,B1039,SJ205,554,20250821,CONFIRMED,11E,True,False,False
41,B1040,6F099,647,20250808,CONFIRMED,26B,True,False,False
42,B1041,UK176,42,20250528,CONFIRMED,25C,True,False,False
43,B1042,UK200,676,20251202,CANCELLED,24F,False,True,False
44,B1043,6F195,873,20251122,CANCELLED,8E,False,True,False
45,B1044,6F174,283,20260412,PENDING,16C,False,False,True
46,B1045,SJ214,58,20260319,INVALID,18C,False,False,False
47,B1046,UK059,814,20251014,CONFIRMED,2C,True,False,False
48,B1047,6F151,834,20251229,PENDING,7C,False,False,True
49,B1048,SJ236,537,20250919,PENDING,18C,False,False,True
50,B1049,SJ153,73,20250728,INVALID,3C,False,False,False
51,B1050,AI220,885,20260115,PENDING,7D,False,False,True
52,B1051,6F028,923,20250705,CANCELLED,16A,False,True,False
53,B1052,UK209,129,20251230,CANCELLED,33B,False,True,False
54,B1053,UK216,599,20260401,PENDING,28B,False,False,True
55,B1054,AI132,842,20260411,CANCELLED,19C,False,True,False
56,B1055,6F012,426,20251014,CANCELLED,13F,False,True,False
57,B1056,UK173,948,20260324,CANCELLED,15B,False,True,False
58,B1057,SJ047,665,20250820,CANCELLED,14F,False,True,False
59,B1058,SJ043,694,20251207,PENDING,8C,False,False,True
60,B1059,UK140,125,20260103,CONFIRMED,23B,True,False,False
61,B1060,6F086,67,20251230,CONFIRMED,11A,True,False,False
62,B1061,6F114,6,20260405,CANCELLED,19C,False,True,False
63,B1062,UK153,637,20250612,CANCELLED,15D,False,True,False
64,B1063,6F149,314,20250519,CANCELLED,9A,False,True,False
65,B1064,UK145,326,20250914,CONFIRMED,24E,True,False,False
66,B1065,UK010,565,20260306,CANCELLED,7B,False,True,False
67,B1066,SJ003,578,20251105,PENDING,1B,False,False,True
68,B1067,SJ160,826,20250723,PENDING,7F,False,False,True
69,B1068,UK224,506,20251122,PENDING,23A,False,False,True
70,B1069,UK152,82,20250802,CONFIRMED,16E,True,False,False
71,B1070,SJ034,599,20250922,CANCELLED,15D,False,True,False
72,B1071,UK215,2,20251221,CANCELLED,15F,False,True,False
73,B1072,UK089,204,20250810,CANCELLED,18F,False,True,False
74,B1073,6F180,662,20251204,CONFIRMED,16A,True,False,False
75,B1074,6F188,805,20250925,CONFIRMED,7A,True,False,False
76,B1075,UK131,404,20260103,CONFIRMED,2F,True,False,False
77,B1076,UK055,103,20250504,CONFIRMED,12B,True,False,False
78,B1077,UK181,536,20250503,PENDING,3A,False,False,True
79,B1078,6F077,368,20250921,CONFIRMED,1B,True,False,False
80,B1079,SJ085,212,20250603,CONFIRMED,10D,True,False,False
81,B1080,SJ023,577,20250605,CONFIRMED,22D,True,False,False
82,B1081,SJ202,961,20251113,CANCELLED,29C,False,True,False
83,B1082,SJ150,209,20250909,CANCELLED,30A,False,True,False
84,B1083,SJ116,763,20250512,CANCELLED,9A,False,True,False
85,B1084,6F270,897,20250614,PENDING,16E,False,False,True
86,B1085,UK150,117,20260324,PENDING,12A,False,False,True
87,B1086,SJ237,628,20260216,CONFIRMED,5D,True,False,False
88,B1087,AI221,749,20250508,CANCELLED,2F,False,True,False
89,B1088,SJ081,478,20260325,PENDING,31A,False,False,True
90,B1089,UK189,105,20250903,CANCELLED,25F,False,True,False
91,B1090,SJ068,495,20250516,PENDING,31C,False,False,True
92,B1091,6F043,771,20250818,PENDING,25D,False,False,True
93,B1092,UK187,46,20260318,CONFIRMED,16D,True,False,False
94,B1093,UK074,823,20250511,CONFIRMED,25E,True,False,False
95,B1094,UK004,331,20260107,PENDING,24C,False,False,True
96,B1095,6F194,216,20250730,CONFIRMED,14B,True,False,False
97,B1096,UK068,982,20260103,PENDING,12B,False,False,True
98,B1097,6F017,960,20250826,INVALID,34F,False,False,False
99,B1098,6F245,492,20251015,INVALID,13D,False,False,False
100,B1099,6F254,813,20251207,CONFIRMED,26E,True,False,False
101,B1100,UK077,922,20260305,CONFIRMED,16D,True,False,False
102,B1101,AI029,845,20250719,CONFIRMED,3D,True,False,False
103,B1102,SJ196,449,20251006,INVALID,15F,False,False,False
104,B1103,AI242,536,20250808,CANCELLED,20D,False,True,False
105,B1104,AI242,511,20250912,CANCELLED,16E,False,True,False
106,B1105,SJ044,458,20250911,CONFIRMED,19F,True,False,False
107,B1106,UK063,547,20250901,CONFIRMED,21F,True,False,False
108,B1107,AI056,536,20250519,CONFIRMED,30F,True,False,False
109,B1108,UK207,540,20251011,CANCELLED,14B,False,True,False
110,B1109,UK166,484,20251203,CANCELLED,33D,False,True,False
111,B1110,6F261,976,20251217,PENDING,12B,False,False,True
112,B1111,UK134,1000,20251225,CANCELLED,34A,False,True,False
113,B1112,6F152,16,20251002,PENDING,27A,False,False,True
114,B1113,SJ089,571,20251123,CONFIRMED,5A,True,False,False
115,B1114,6F123,977,20250926,CANCELLED,2E,False,True,False
116,B1115,AI025,243,20250823,CONFIRMED,10A,True,False,False
117,B1116,6F030,950,20251205,CONFIRMED,19B,True,False,False
118,B1117,SJ222,207,20250902,CONFIRMED,28F,True,False,False
119,B1118,UK109,912,20260403,CONFIRMED,34B,True,False,False
120,B1119,SJ117,271,20251125,CANCELLED,21F,False,True,False
121,B1120,SJ142,761,20250812,CONFIRMED,12D,True,False,False
122,B1121,SJ142,994,20250601,PENDING,17C,False,False,True
123,B1122,AI030,779,20250502,CANCELLED,20B,False,True,False
124,B1123,6F097,705,20250923,CONFIRMED,8A,True,False,False
125,B1124,6F129,847,20250523,CANCELLED,5C,False,True,False
126,B1125,6F181,730,20260115,PENDING,27E,False,False,True
127,B1126,AI072,115,20251020,CONFIRMED,10E,True,False,False
128,B1127,SJ154,580,20250629,PENDING,2E,False,False,True
129,B1128,AI031,299,20260408,CONFIRMED,10D,True,False,False
130,B1129,AI031,837,20250918,PENDING,26F,False,False,True
131,B1130,6F158,483,20251226,CONFIRMED,34E,True,False,False
132,B1131,6F184,397,20250616,CANCELLED,1C,False,True,False
133,B1132,UK141,394,20250620,CONFIRMED,10D,True,False,False
134,B1133,6F168,75,20251229,CANCELLED,23D,False,True,False
135,B1134,6F051,978,20250728,CONFIRMED,34C,True,False,False
136,B1135,6F047,482,20251202,CONFIRMED,20E,True,False,False
137,B1136,UK156,103,20251026,PENDING,28E,False,False,True
138,B1137,AI094,297,20250901,PENDING,13E,False,False,True
139,B1138,AI038,178,20250714,PENDING,6C,False,False,True
140,B1139,6F255,215,20260119,CONFIRMED,29F,True,False,False
141,B1140,SJ025,967,20260123,CONFIRMED,29D,True,False,False
142,B1141,SJ185,315,20251028,CONFIRMED,9C,True,False,False
143,B1142,6F259,39,20260121,CANCELLED,5C,False,True,False
144,B1143,6F073,259,20260407,CANCELLED,15A,False,True,False
145,B1144,AI091,716,20250926,CONFIRMED,6D,True,False,False
146,B1145,6F191,7,20250823,PENDING,15D,False,False,True
147,B1146,UK228,49,20250830,PENDING,25A,False,False,True
148,B1147,6F146,538,20260325,PENDING,11E,False,False,True
149,B1148,6F068,161,20251013,CONFIRMED,19A,True,False,False
150,B1149,SJ218,869,20260108,PENDING,30F,False,False,True
151,B1150,UK083,176,20250925,CONFIRMED,12A,True,False,False
152,B1151,SJ007,591,20260118,CANCELLED,29B,False,True,False
153,B1152,AI077,2,20250814,PENDING,27A,False,False,True
154,B1153,UK017,895,20251220,CANCELLED,8D,False,True,False
155,B1154,6F229,455,20260217,PENDING,24A,False,False,True
156,B1155,6F074,928,20251008,CONFIRMED,6D,True,False,False
157,B1156,SJ088,644,20260325,CONFIRMED,5E,True,False,False
158,B1157,SJ167,276,20250628,CONFIRMED,18B,True,False,False
159,B1158,6F234,498,20250720,CONFIRMED,22A,True,False,False
160,B1159,UK071,629,20251210,PENDING,22F,False,False,True
161,B1160,AI178,676,20251121,CANCELLED,29A,False,True,False
162,B1161,UK104,800,20251114,CONFIRMED,12A,True,False,False
163,B1162,AI146,28,20250422,INVALID,32D,False,False,False
164,B1163,SJ235,333,20251110,CANCELLED,13D,False,True,False
165,B1164,6F209,1,20250424,CONFIRMED,24A,True,False,False
166,B1165,AI129,188,20250820,CANCELLED,2F,False,True,False
167,B1166,SJ141,56,20260123,CONFIRMED,34D,True,False,False
168,B1167,SJ018,547,20260202,CANCELLED,9F,False,True,False
169,B1168,UK120,112,20251014,CANCELLED,11C,False,True,False
170,B1169,AI078,798,20251115,CONFIRMED,11E,True,False,False
171,B1170,AI079,310,20250914,PENDING,15E,False,False,True
172,B1171,UK087,36,20250919,CANCELLED,21A,False,True,False
173,B1172,UK133,439,20260117,CONFIRMED,8F,True,False,False
174,B1173,AI222,729,20250601,CANCELLED,22E,False,True,False
175,B1174,6F049,592,20260412,CANCELLED,19D,False,True,False
176,B1175,6F105,826,20260129,PENDING,27D,False,False,True
177,B1176,SJ226,595,20250417,CANCELLED,7C,False,True,False
178,B1177,SJ227,577,20250729,CANCELLED,34D,False,True,False
179,B1178,6F034,325,20260205,CONFIRMED,34E,True,False,False
180,B1179,SJ078,640,20251003,CONFIRMED,33D,True,False,False
181,B1180,AI240,307,20260410,PENDING,22F,False,False,True
182,B1181,SJ002,534,20260329,CANCELLED,12E,False,True,False
183,B1182,AI044,728,20250811,CANCELLED,3A,False,True,False
184,B1183,UK076,619,20250622,CANCELLED,8C,False,True,False
185,B1184,6F232,109,20250801,PENDING,28E,False,False,True
186,B1185,SJ228,372,20250816,CANCELLED,25E,False,True,False
187,B1186,SJ074,357,20260404,CONFIRMED,1B,True,False,False
188,B1187,UK229,181,20250804,PENDING,7F,False,False,True
189,B1188,AI208,356,20260404,CONFIRMED,6A,True,False,False
190,B1189,AI019,676,20251123,CONFIRMED,14F,True,False,False
191,B1190,6F029,68,20250523,PENDING,12B,False,False,True
192,B1191,6F018,292,20250427,CONFIRMED,25B,True,False,False
193,B1192,AI059,692,20250623,CANCELLED,7D,False,True,False
194,B1193,AI159,181,20250522,PENDING,13D,False,False,True
195,B1194,6F091,466,20250711,CONFIRMED,14F,True,False,False
196,B1195,6F084,434,20250720,CANCELLED,10B,False,True,False
197,B1196,UK170,464,20260115,CANCELLED,20C,False,True,False
198,B1197,UK212,681,20250519,CONFIRMED,2E,True,False,False
199,B1198,SJ022,914,20250616,INVALID,29A,False,False,False
200,B1199,SJ075,534,20251213,PENDING,30E,False,False,True
201,B1200,UK177,66,20250917,CONFIRMED,16B,True,False,False
202,B1201,UK206,21,20260201,CANCELLED,3A,False,True,False
203,B1202,UK079,612,20250429,CANCELLED,29C,False,True,False
204,B1203,UK040,384,20250621,CONFIRMED,3B,True,False,False
205,B1204,AI034,812,20250725,CONFIRMED,30A,True,False,False
206,B1205,UK034,615,20251018,CONFIRMED,23F,True,False,False
207,B1206,AI088,559,20250702,CONFIRMED,13A,True,False,False
208,B1207,AI128,39,20250611,PENDING,26A,False,False,True
209,B1208,SJ052,285,20250722,INVALID,9A,False,False,False
210,B1209,AI233,822,20251215,PENDING,3A,False,False,True
211,B1210,AI012,602,20260120,PENDING,3C,False,False,True
212,B1211,AI084,597,20250707,CONFIRMED,34A,True,False,False
213,B1212,6F126,785,20250708,PENDING,34B,False,False,True
214,B1213,SJ061,336,20250616,CONFIRMED,2E,True,False,False
215,B1214,UK194,188,20250814,INVALID,23B,False,False,False
216,B1215,AI135,671,20250808,CANCELLED,28C,False,True,False
217,B1216,6F238,243,20251209,CONFIRMED,10A,True,False,False
218,B1217,6F092,73,20260319,CANCELLED,32C,False,True,False
219,B1218,AI213,479,20251113,PENDING,2D,False,False,True
220,B1219,UK193,974,20260215,CANCELLED,1B,False,True,False
221,B1220,6F178,561,20260404,PENDING,29C,False,False,True
222,B1221,AI158,101,20260306,CONFIRMED,19D,True,False,False
223,B1222,UK208,514,20260330,PENDING,8A,False,False,True
224,B1223,6F056,756,20260409,INVALID,15A,False,False,False
225,B1224,UK185,176,20251026,CONFIRMED,1E,True,False,False
226,B1225,AI163,238,20260113,PENDING,4D,False,False,True
227,B1226,AI112,910,20250823,CONFIRMED,15C,True,False,False
228,B1227,AI227,59,20251023,CANCELLED,12A,False,True,False
229,B1228,SJ083,865,20260417,CONFIRMED,29D,True,False,False
230,B1229,UK073,99,20260207,CONFIRMED,13F,True,False,False
231,B1230,6F169,954,20250429,PENDING,6C,False,False,True
232,B1231,UK154,871,20260406,CANCELLED,27D,False,True,False
233,B1232,SJ169,954,20251006,CONFIRMED,32F,True,False,False
234,B1233,6F187,495,20250513,CANCELLED,5F,False,True,False
235,B1234,UK210,947,20251121,CANCELLED,33A,False,True,False
236,B1235,6F250,980,20251223,PENDING,13D,False,False,True
237,B1236,AI062,514,20250705,CONFIRMED,25A,True,False,False
238,B1237,AI047,755,20251116,INVALID,15B,False,False,False
239,B1238,SJ186,297,20251020,INVALID,8E,False,False,False
240,B1239,AI217,211,20251117,CANCELLED,30A,False,True,False
241,B1240,UK100,123,20251231,CONFIRMED,17A,True,False,False
242,B1241,UK116,229,20251216,CONFIRMED,10A,True,False,False
243,B1242,6F036,594,20251201,CANCELLED,26C,False,True,False
244,B1243,AI175,656,20260122,CANCELLED,29E,False,True,False
245,B1244,UK051,388,20250818,CONFIRMED,27D,True,False,False
246,B1245,6F201,140,20260417,INVALID,26A,False,False,False
247,B1246,6F230,541,20260409,CONFIRMED,33B,True,False,False
248,B1247,SJ138,391,20250813,CANCELLED,15F,False,True,False
249,B1248,AI246,270,20260304,PENDING,16B,False,False,True
250,B1249,6F179,759,20250606,CANCELLED,26B,False,True,False
251,B1250,6F031,12,20260128,CANCELLED,16F,False,True,False
252,B1251,UK015,867,20250830,PENDING,29A,False,False,True
253,B1252,UK001,389,20250421,CANCELLED,27C,False,True,False
254,B1253,6F133,337,20260227,CANCELLED,15E,False,True,False
255,B1254,6F143,506,20250722,CANCELLED,5D,False,True,False
256,B1255,UK165,106,20250922,CANCELLED,23F,False,True,False
257,B1256,6F083,32,20250810,CANCELLED,22B,False,True,False
258,B1257,AI082,74,20250819,CANCELLED,11C,False,True,False
259,B1258,AI164,171,20251028,CANCELLED,21F,False,True,False
260,B1259,SJ155,849,20260119,CANCELLED,31F,False,True,False
261,B1260,AI189,69,20260104,CANCELLED,1D,False,True,False
262,B1261,SJ057,813,20251221,CONFIRMED,34A,True,False,False
263,B1262,SJ198,362,20250507,CONFIRMED,16F,True,False,False
264,B1263,6F122,649,20260103,CANCELLED,6C,False,True,False
265,B1264,SJ097,433,20260415,CONFIRMED,12A,True,False,False
266,B1265,UK203,929,20250806,PENDING,28F,False,False,True
267,B1266,UK093,996,20260116,CONFIRMED,27F,True,False,False
268,B1267,AI205,100,20250521,CANCELLED,32A,False,True,False
269,B1268,AI102,658,20260116,INVALID,12A,False,False,False
270,B1269,6F046,9,20250906,CONFIRMED,4C,True,False,False
271,B1270,SJ017,574,20250602,INVALID,22E,False,False,False
272,B1271,6F156,697,20251020,PENDING,28B,False,False,True
273,B1272,AI068,29,20250718,PENDING,19A,False,False,True
274,B1273,AI150,893,20250605,INVALID,28B,False,False,False
275,B1274,UK008,114,20251015,PENDING,20D,False,False,True
276,B1275,6F166,462,20250711,PENDING,18F,False,False,True
277,B1276,6F177,921,20250715,CONFIRMED,1A,True,False,False
278,B1277,AI196,143,20260119,PENDING,12E,False,False,True
279,B1278,SJ191,390,20250809,CONFIRMED,5B,True,False,False
280,B1279,6F019,632,20250510,INVALID,28C,False,False,False
281,B1280,AI226,682,20260412,CONFIRMED,33B,True,False,False
282,B1281,SJ207,157,20260121,CANCELLED,4A,False,True,False
283,B1282,AI009,335,20251230,CANCELLED,8B,False,True,False
284,B1283,AI103,861,20250508,INVALID,29D,False,False,False
285,B1284,SJ127,260,20260222,CANCELLED,25F,False,True,False
286,B1285,UK188,82,20260326,CANCELLED,25B,False,True,False
287,B1286,6F010,754,20250925,INVALID,33B,False,False,False
288,B1287,SJ098,441,20251213,CANCELLED,5F,False,True,False
289,B1288,6F058,945,20251211,PENDING,18C,False,False,True
290,B1289,SJ030,172,20260323,PENDING,24F,False,False,True
291,B1290,UK175,231,20250726,CANCELLED,16F,False,True,False
292,B1291,SJ108,720,20260401,PENDING,28E,False,False,True
293,B1292,6F075,75,20250803,CONFIRMED,7C,True,False,False
294,B1293,UK222,270,20250831,CONFIRMED,25F,True,False,False
295,B1294,6F250,899,20250713,CANCELLED,34B,False,True,False
296,B1295,AI096,626,20251229,CANCELLED,14B,False,True,False
297,B1296,AI216,62,20251223,CANCELLED,1B,False,True,False
298,B1297,6F193,874,20260123,PENDING,8A,False,False,True
299,B1298,SJ194,320,20260102,PENDING,6C,False,False,True
300,B1299,SJ020,102,20250911,CONFIRMED,16F,True,False,False
301,B1300,6F070,429,20250614,PENDING,21C,False,False,True
302,B1301,AI051,874,20250903,CONFIRMED,12A,True,False,False
303,B1302,UK219,722,20251227,PENDING,3D,False,False,True
304,B1303,AI235,954,20251213,CONFIRMED,20A,True,False,False
305,B1304,6F022,255,20251213,INVALID,18E,False,False,False
306,B1305,SJ114,532,20250928,PENDING,13C,False,False,True
307,B1306,SJ076,570,20251201,CONFIRMED,30A,True,False,False
308,B1307,UK227,112,20260126,PENDING,32E,False,False,True
309,B1308,UK135,985,20250722,CANCELLED,30D,False,True,False
310,B1309,AI234,313,20250506,CONFIRMED,30F,True,False,False
311,B1310,6F113,998,20250820,PENDING,5D,False,False,True
312,B1311,SJ206,461,20251116,PENDING,9D,False,False,True
313,B1312,AI015,708,20260329,INVALID,6E,False,False,False
314,B1313,6F260,887,20250516,CANCELLED,33E,False,True,False
315,B1314,AI061,462,20250428,CONFIRMED,19C,True,False,False
316,B1315,6F237,865,20260326,PENDING,9C,False,False,True
317,B1316,SJ099,92,20260106,PENDING,27C,False,False,True
318,B1317,SJ146,52,20260224,CANCELLED,21F,False,True,False
319,B1318,SJ146,805,20250523,CANCELLED,29B,False,True,False
320,B1319,6F071,520,20250504,CONFIRMED,4C,True,False,False
321,B1320,6F272,812,20250813,PENDING,6C,False,False,True
322,B1321,SJ029,98,20260212,PENDING,13A,False,False,True
323,B1322,UK084,236,20250727,CONFIRMED,6E,True,False,False
324,B1323,SJ048,901,20260206,CONFIRMED,14D,True,False,False
325,B1324,AI108,374,20260204,CANCELLED,33B,False,True,False
326,B1325,SJ134,581,20250811,CANCELLED,3B,False,True,False
327,B1326,UK146,927,20251031,CONFIRMED,14F,True,False,False
328,B1327,SJ036,557,20250924,CONFIRMED,26C,True,False,False
329,B1328,6F202,649,20251101,PENDING,33B,False,False,True
330,B1329,UK041,234,20260213,CONFIRMED,22C,True,False,False
331,B1330,6F078,32,20251206,CONFIRMED,23A,True,False,False
332,B1331,AI097,289,20250703,PENDING,22C,False,False,True
333,B1332,UK159,638,20260115,CONFIRMED,7D,True,False,False
334,B1333,UK044,579,20250906,CANCELLED,12B,False,True,False
335,B1334,6F176,542,20250927,CANCELLED,6F,False,True,False
336,B1335,SJ221,114,20260211,PENDING,4A,False,False,True
337,B1336,6F112,204,20250703,CONFIRMED,22A,True,False,False
338,B1337,6F246,29,20251020,INVALID,4C,False,False,False
339,B1338,6F014,643,20260221,CANCELLED,14C,False,True,False
340,B1339,AI237,474,20250917,CANCELLED,28A,False,True,False
341,B1340,6F003,697,20251214,CANCELLED,12E,False,True,False
342,B1341,6F249,253,20250704,CONFIRMED,5A,True,False,False
343,B1342,UK149,798,20250429,CONFIRMED,4A,True,False,False
344,B1343,SJ163,905,20260308,CONFIRMED,9F,True,False,False
345,B1344,SJ243,922,20260328,CONFIRMED,1D,True,False,False
346,B1345,UK113,386,20250606,CANCELLED,1A,False,True,False
347,B1346,AI071,62,20250607,PENDING,30E,False,False,True
348,B1347,6F271,515,20260207,PENDING,22A,False,False,True
349,B1348,SJ015,430,20250605,CANCELLED,27E,False,True,False
350,B1349,UK047,580,20251119,CANCELLED,9E,False,True,False
351,B1350,UK020,537,20260204,PENDING,12A,False,False,True
352,B1351,AI122,691,20250903,PENDING,27F,False,False,True
353,B1352,UK223,141,20251020,CANCELLED,17D,False,True,False
354,B1353,6F148,743,20250919,CANCELLED,15F,False,True,False
355,B1354,SJ162,300,20251214,CONFIRMED,34A,True,False,False
356,B1355,6F127,675,20260330,CONFIRMED,28B,True,False,False
357,B1356,AI173,311,20251110,PENDING,11F,False,False,True
358,B1357,6F065,471,20260205,INVALID,14A,False,False,False
359,B1358,AI053,393,20250622,PENDING,20A,False,False,True
360,B1359,AI241,642,20251022,CONFIRMED,14E,True,False,False
361,B1360,AI105,445,20250615,INVALID,18D,False,False,False
362,B1361,AI110,758,20250824,PENDING,13F,False,False,True
363,B1362,AI252,809,20251022,CONFIRMED,15B,True,False,False
364,B1363,AI149,172,20251214,CANCELLED,3B,False,True,False
365,B1364,AI224,576,20250909,PENDING,23F,False,False,True
366,B1365,UK158,31,20250703,CANCELLED,15B,False,True,False
367,B1366,6F125,47,20250505,CANCELLED,25E,False,True,False
368,B1367,UK164,130,20251214,CONFIRMED,18A,True,False,False
369,B1368,UK007,352,20251226,CANCELLED,1E,False,True,False
370,B1369,6F118,978,20260318,PENDING,15F,False,False,True
371,B1370,SJ004,845,20260101,CANCELLED,19C,False,True,False
372,B1371,6F206,622,20250925,CANCELLED,15E,False,True,False
373,B1372,SJ130,581,20250511,CANCELLED,11D,False,True,False
374,B1373,SJ070,58,20260214,CANCELLED,22F,False,True,False
375,B1374,AI085,106,20250424,CANCELLED,7F,False,True,False
376,B1375,SJ109,812,20250902,CONFIRMED,15B,True,False,False
377,B1376,AI168,330,20250824,PENDING,16B,False,False,True
378,B1377,UK123,768,20251024,CONFIRMED,26A,True,False,False
379,B1378,UK110,824,20260116,PENDING,30D,False,False,True
380,B1379,AI206,683,20251102,PENDING,31C,False,False,True
381,B1380,6F007,383,20260416,PENDING,6B,False,False,True
382,B1381,SJ013,985,20251111,PENDING,33A,False,False,True
383,B1382,UK061,162,20250919,PENDING,20D,False,False,True
384,B1383,AI010,997,20250924,CANCELLED,8C,False,True,False
385,B1384,AI024,286,20250516,CONFIRMED,11D,True,False,False
386,B1385,UK130,71,20250608,CONFIRMED,30B,True,False,False
387,B1386,AI161,767,20260312,CANCELLED,10A,False,True,False
388,B1387,SJ208,454,20250723,PENDING,24F,False,False,True
389,B1388,6F038,886,20250923,INVALID,8D,False,False,False
390,B1389,6F085,567,20260222,INVALID,30D,False,False,False
391,B1390,SJ028,835,20260309,CANCELLED,8C,False,True,False
392,B1391,SJ084,397,20251126,CONFIRMED,21F,True,False,False
393,B1392,AI139,515,20260327,CONFIRMED,21D,True,False,False
394,B1393,UK179,26,20260406,PENDING,26E,False,False,True
395,B1394,6F256,313,20250723,PENDING,23F,False,False,True
396,B1395,UK023,126,20260210,INVALID,23B,False,False,False
397,B1396,AI039,408,20250803,INVALID,13E,False,False,False
398,B1397,UK190,565,20260205,CANCELLED,28D,False,True,False
399,B1398,6F224,198,20260204,PENDING,3E,False,False,True
400,B1399,UK221,811,20250531,PENDING,7A,False,False,True
401,B1400,SJ107,188,20260402,CANCELLED,12F,False,True,False
402,B1401,UK155,698,20250420,INVALID,21D,False,False,False
403,B1402,UK183,817,20260321,CANCELLED,7E,False,True,False
404,B1403,SJ203,810,20250508,PENDING,26A,False,False,True
405,B1404,6F253,716,20260307,INVALID,16A,False,False,False
406,B1405,AI100,484,20250826,PENDING,32F,False,False,True
407,B1406,6F140,450,20250624,CONFIRMED,15D,True,False,False
408,B1407,UK048,523,20250826,CONFIRMED,25A,True,False,False
409,B1408,SJ204,871,20250729,CONFIRMED,12F,True,False,False
410,B1409,UK105,354,20260324,CONFIRMED,28C,True,False,False
411,B1410,AI098,986,20260413,CONFIRMED,32C,True,False,False
412,B1411,6F013,658,20251012,CANCELLED,1A,False,True,False
413,B1412,6F128,597,20251118,CANCELLED,28E,False,True,False
414,B1413,SJ038,100,20251005,INVALID,14A,False,False,False
415,B1414,SJ182,616,20260107,CONFIRMED,25F,True,False,False
416,B1415,6F199,948,20260322,PENDING,23B,False,False,True
417,B1416,SJ187,558,20250817,CANCELLED,20B,False,True,False
418,B1417,AI182,556,20250818,PENDING,8E,False,False,True
419,B1418,SJ027,278,20250504,PENDING,19D,False,False,True
420,B1419,SJ062,693,20260120,CONFIRMED,20E,True,False,False
421,B1420,SJ161,699,20260224,CONFIRMED,27B,True,False,False
422,B1421,UK058,990,20251003,INVALID,23C,False,False,False
423,B1422,AI181,626,20260104,CANCELLED,12D,False,True,False
424,B1423,AI003,491,20250612,CONFIRMED,14A,True,False,False
425,B1424,6F150,255,20251105,CANCELLED,11D,False,True,False
426,B1425,SJ175,381,20250628,CANCELLED,34E,False,True,False
427,B1426,6F041,892,20251215,CANCELLED,17C,False,True,False
428,B1427,SJ040,542,20260415,CANCELLED,16E,False,True,False
429,B1428,6F020,264,20250617,CONFIRMED,27C,True,False,False
430,B1429,AI248,610,20250508,CANCELLED,27B,False,True,False
431,B1430,SJ016,825,20260208,CONFIRMED,11A,True,False,False
432,B1431,UK204,879,20251121,CONFIRMED,31C,True,False,False
433,B1432,6F211,329,20250902,CANCELLED,9B,False,True,False
434,B1433,SJ166,115,20250507,CONFIRMED,5B,True,False,False
435,B1434,AI036,276,20251019,PENDING,30C,False,False,True
436,B1435,SJ215,488,20250918,CONFIRMED,1E,True,False,False
437,B1436,AI076,281,20260105,CONFIRMED,20B,True,False,False
438,B1437,SJ012,275,20251128,CANCELLED,24A,False,True,False
439,B1438,AI073,773,20260401,INVALID,20D,False,False,False
440,B1439,SJ173,843,20251109,CONFIRMED,27E,True,False,False
441,B1440,AI193,719,20260309,CANCELLED,25E,False,True,False
442,B1441,SJ131,896,20250922,INVALID,13A,False,False,False
443,B1442,AI225,328,20250602,PENDING,11E,False,False,True
444,B1443,AI190,211,20251009,CANCELLED,9E,False,True,False
445,B1444,SJ238,727,20251225,CONFIRMED,7B,True,False,False
446,B1445,6F005,923,20251221,PENDING,5F,False,False,True
447,B1446,UK136,552,20250925,PENDING,23C,False,False,True
448,B1447,SJ063,992,20250521,CONFIRMED,15F,True,False,False
449,B1448,6F175,26,20251121,CANCELLED,9E,False,True,False
450,B1449,AI037,27,20250523,PENDING,19A,False,False,True
451,B1450,UK225,702,20251111,CONFIRMED,21C,True,False,False
452,B1451,AI141,83,20250520,CONFIRMED,15E,True,False,False
453,B1452,6F172,896,20260126,PENDING,3E,False,False,True
454,B1453,6F219,946,20260207,CANCELLED,16F,False,True,False
455,B1454,AI045,682,20250816,PENDING,8E,False,False,True
456,B1455,AI198,413,20260412,CONFIRMED,30A,True,False,False
457,B1456,AI120,167,20250424,PENDING,17F,False,False,True
458,B1457,6F134,700,20250611,CANCELLED,32D,False,True,False
459,B1458,UK102,169,20251119,CONFIRMED,10B,True,False,False
460,B1459,SJ199,801,20250610,CANCELLED,1F,False,True,False
461,B1460,6F235,979,20251001,PENDING,32E,False,False,True
462,B1461,UK065,229,20251014,PENDING,33F,False,False,True
463,B1462,6F135,979,20251203,CANCELLED,26D,False,True,False
464,B1463,SJ148,609,20260210,PENDING,31C,False,False,True
465,B1464,AI083,367,20260307,CANCELLED,6B,False,True,False
466,B1465,UK024,528,20250702,PENDING,5C,False,False,True
467,B1466,UK220,791,20250427,CANCELLED,28B,False,True,False
468,B1467,UK115,647,20250430,CANCELLED,25A,False,True,False
469,B1468,AI255,538,20250716,CONFIRMED,14F,True,False,False
470,B1469,6F001,864,20251225,CONFIRMED,11A,True,False,False
471,B1470,6F132,524,20250527,CANCELLED,24E,False,True,False
472,B1471,UK184,72,20260328,PENDING,8E,False,False,True
473,B1472,6F098,645,20250606,PENDING,3D,False,False,True
474,B1473,SJ168,106,20250719,PENDING,21F,False,False,True
475,B1474,SJ178,732,20250728,CANCELLED,14C,False,True,False
476,B1475,UK111,885,20260307,CANCELLED,2C,False,True,False
477,B1476,SJ051,965,20260227,CANCELLED,32E,False,True,False
478,B1477,SJ193,689,20250706,CANCELLED,18E,False,True,False
479,B1478,SJ039,282,20260224,CONFIRMED,28D,True,False,False
480,B1479,UK066,133,20251217,CANCELLED,22B,False,True,False
481,B1480,SJ050,534,20260314,PENDING,34B,False,False,True
482,B1481,6F052,975,20250611,CONFIRMED,4D,True,False,False
483,B1482,SJ170,269,20250829,PENDING,14E,False,False,True
484,B1483,SJ119,412,20250609,INVALID,26B,False,False,False
485,B1484,AI219,673,20250507,CONFIRMED,13B,True,False,False
486,B1485,6F220,619,20250705,CANCELLED,12D,False,True,False
487,B1486,AI207,791,20250504,CONFIRMED,3D,True,False,False
488,B1487,6F024,865,20260126,PENDING,5E,False,False,True
489,B1488,SJ073,747,20250504,CANCELLED,27E,False,True,False
490,B1489,SJ201,18,20250708,CANCELLED,24F,False,True,False
491,B1490,AI180,754,20260310,CONFIRMED,29B,True,False,False
492,B1491,UK022,117,20250716,CONFIRMED,18F,True,False,False
493,B1492,AI202,798,20260327,CANCELLED,29C,False,True,False
494,B1493,6F212,794,20250601,CONFIRMED,26D,True,False,False
495,B1494,6F163,144,20250609,CANCELLED,23F,False,True,False
496,B1495,UK028,717,20251015,CONFIRMED,27D,True,False,False
497,B1496,6F243,551,20260321,PENDING,7D,False,False,True
498,B1497,AI165,929,20250902,CONFIRMED,11F,True,False,False
499,B1498,UK099,666,20250718,PENDING,3D,False,False,True
500,B1499,AI033,688,20250617,INVALID,17C,False,False,False
501,B1500,UK056,961,20250430,CONFIRMED,22D,True,False,False
502,B1501,SJ122,753,20250904,CANCELLED,23D,False,True,False
503,B1502,AI086,422,20251015,CONFIRMED,23F,True,False,False
504,B1503,SJ011,898,20251017,CONFIRMED,25C,True,False,False
505,B1504,SJ021,369,20250421,PENDING,4E,False,False,True
506,B1505,SJ106,646,20251129,CONFIRMED,8F,True,False,False
507,B1506,SJ026,558,20260129,CANCELLED,9E,False,True,False
508,B1507,SJ245,50,20251127,PENDING,20A,False,False,True
509,B1508,AI023,678,20250731,INVALID,9C,False,False,False
510,B1509,AI032,106,20250925,CANCELLED,14F,False,True,False
511,B1510,AI236,216,20250511,CANCELLED,19F,False,True,False
512,B1511,6F094,658,20251224,CANCELLED,15C,False,True,False
513,B1512,UK163,923,20251221,PENDING,4A,False,False,True
514,B1513,UK163,425,20250630,CONFIRMED,32B,True,False,False
515,B1514,SJ045,72,20250507,CANCELLED,21E,False,True,False
516,B1515,SJ006,988,20250706,PENDING,26A,False,False,True
517,B1516,SJ103,842,20250805,CANCELLED,34F,False,True,False
518,B1517,6F221,785,20260116,INVALID,31B,False,False,False
519,B1518,SJ147,759,20260320,INVALID,30A,False,False,False
520,B1519,SJ064,446,20260325,PENDING,3C,False,False,True
521,B1520,AI028,925,20260402,CONFIRMED,27A,True,False,False
522,B1521,AI148,186,20251108,PENDING,31E,False,False,True
523,B1522,6F263,70,20250831,CONFIRMED,1C,True,False,False
524,B1523,SJ067,974,20250519,PENDING,21F,False,False,True
525,B1524,6F061,150,20250617,PENDING,23D,False,False,True
526,B1525,AI254,246,20250529,INVALID,11E,False,False,False
527,B1526,SJ136,774,20251115,CONFIRMED,17D,True,False,False
528,B1527,AI046,538,20250709,PENDING,8A,False,False,True
529,B1528,UK174,935,20260328,PENDING,6E,False,False,True
530,B1529,6F066,652,20250430,INVALID,34C,False,False,False
531,B1530,UK095,99,20251208,INVALID,23E,False,False,False
532,B1531,6F063,910,20260401,PENDING,30F,False,False,True
533,B1532,UK118,278,20250422,PENDING,30A,False,False,True
534,B1533,UK218,563,20250915,PENDING,28D,False,False,True
535,B1534,UK031,663,20250911,CONFIRMED,34E,True,False,False
536,B1535,UK142,944,20260402,PENDING,6C,False,False,True
537,B1536,AI002,455,20250601,INVALID,4C,False,False,False
538,B1537,UK070,104,20251008,CONFIRMED,21F,True,False,False
539,B1538,SJ121,946,20260317,PENDING,8E,False,False,True
540,B1539,UK201,601,20250611,CONFIRMED,20B,True,False,False
541,B1540,AI138,653,20260115,CANCELLED,7E,False,True,False
542,B1541,SJ014,725,20251216,CONFIRMED,26A,True,False,False
543,B1542,SJ053,233,20251213,PENDING,14F,False,False,True
544,B1543,SJ241,394,20250616,CANCELLED,4F,False,True,False
545,B1544,AI249,501,20250901,CANCELLED,16A,False,True,False
546,B1545,AI176,695,20260308,PENDING,8A,False,False,True
547,B1546,SJ234,251,20260402,PENDING,32B,False,False,True
548,B1547,6F115,521,20250418,PENDING,16C,False,False,True
549,B1548,AI020,79,20251004,CONFIRMED,7E,True,False,False
550,B1549,AI020,52,20251216,CONFIRMED,24A,True,False,False
551,B1550,6F079,898,20251206,CONFIRMED,10D,True,False,False
552,B1551,6F104,921,20251114,INVALID,8E,False,False,False
553,B1552,UK046,781,20260206,PENDING,32D,False,False,True
554,B1553,SJ217,226,20251115,CONFIRMED,33D,True,False,False
555,B1554,6F142,51,20250826,CANCELLED,8D,False,True,False
556,B1555,SJ139,186,20260404,CONFIRMED,3B,True,False,False
557,B1556,6F059,34,20260118,CANCELLED,31D,False,True,False
558,B1557,6F067,803,20250810,PENDING,17A,False,False,True
559,B1558,AI007,742,20250807,PENDING,27A,False,False,True
560,B1559,UK202,131,20260120,CONFIRMED,5F,True,False,False
561,B1560,AI200,632,20260307,CONFIRMED,18C,True,False,False
562,B1561,UK172,443,20260127,PENDING,18C,False,False,True
563,B1562,6F214,838,20250501,CONFIRMED,10B,True,False,False
564,B1563,UK037,759,20250911,PENDING,27B,False,False,True
565,B1564,AI022,432,20250814,PENDING,17F,False,False,True
566,B1565,AI243,704,20260206,CANCELLED,20D,False,True,False
567,B1566,SJ174,497,20251008,CONFIRMED,29F,True,False,False
568,B1567,SJ079,403,20251113,PENDING,9A,False,False,True
569,B1568,UK097,323,20251221,CONFIRMED,21A,True,False,False
570,B1569,AI013,210,20251226,CANCELLED,14E,False,True,False
571,B1570,UK196,615,20251121,CANCELLED,25E,False,True,False
572,B1571,SJ213,329,20251106,CONFIRMED,2C,True,False,False
573,B1572,UK119,372,20250526,CONFIRMED,5D,True,False,False
574,B1573,AI043,460,20260318,PENDING,19B,False,False,True
575,B1574,AI043,133,20250429,CANCELLED,18A,False,True,False
576,B1575,AI143,835,20250616,CANCELLED,2B,False,True,False
577,B1576,SJ032,651,20251020,INVALID,6F,False,False,False
578,B1577,6F050,121,20260124,CONFIRMED,23A,True,False,False
579,B1578,AI134,606,20251225,PENDING,6B,False,False,True
580,B1579,6F182,452,20250424,CONFIRMED,28E,True,False,False
581,B1580,SJ086,965,20251008,CONFIRMED,20D,True,False,False
582,B1581,6F170,129,20250806,CONFIRMED,3D,True,False,False
583,B1582,UK168,91,20250424,PENDING,34B,False,False,True
584,B1583,SJ072,604,20260222,INVALID,33D,False,False,False
585,B1584,UK075,575,20250428,CANCELLED,21C,False,True,False
586,B1585,6F233,29,20260108,CANCELLED,1C,False,True,False
587,B1586,SJ143,722,20251113,CANCELLED,25B,False,True,False
588,B1587,SJ246,524,20250628,PENDING,34E,False,False,True
589,B1588,SJ247,333,20251104,CONFIRMED,10B,True,False,False
590,B1589,UK157,297,20250831,PENDING,3D,False,False,True
591,B1590,UK069,130,20260401,CONFIRMED,25B,True,False,False
592,B1591,AI106,293,20251120,CANCELLED,8A,False,True,False
593,B1592,UK085,173,20251117,CONFIRMED,24F,True,False,False
594,B1593,6F087,720,20250924,INVALID,1A,False,False,False
595,B1594,AI067,944,20250601,CONFIRMED,25E,True,False,False
596,B1595,6F226,24,20260107,PENDING,4E,False,False,True
597,B1596,SJ210,99,20251220,CONFIRMED,15E,True,False,False
598,B1597,6F269,406,20251023,CONFIRMED,33A,True,False,False
599,B1598,UK013,356,20260102,CONFIRMED,11B,True,False,False
600,B1599,UK013,139,20250930,PENDING,9E,False,False,True
601,B1600,UK143,503,20250720,PENDING,2C,False,False,True
602,B1601,6F262,826,20250907,PENDING,28D,False,False,True
603,B1602,6F042,174,20250707,INVALID,2A,False,False,False
604,B1603,SJ118,29,20251206,CANCELLED,17E,False,True,False
605,B1604,SJ118,931,20251117,CANCELLED,3C,False,True,False
606,B1605,SJ082,496,20251003,CANCELLED,6C,False,True,False
607,B1606,6F015,655,20250718,CONFIRMED,23E,True,False,False
608,B1607,AI101,828,20260202,INVALID,30F,False,False,False
609,B1608,SJ110,351,20250628,CANCELLED,10B,False,True,False
610,B1609,SJ042,554,20251021,CANCELLED,19D,False,True,False
611,B1610,6F145,299,20251013,CONFIRMED,27A,True,False,False
612,B1611,UK029,720,20260105,CANCELLED,14C,False,True,False
613,B1612,SJ200,842,20250418,CANCELLED,28C,False,True,False
614,B1613,SJ209,945,20260129,CONFIRMED,6A,True,False,False
615,B1614,AI116,192,20250511,INVALID,30B,False,False,False
616,B1615,6F117,672,20250523,CANCELLED,33B,False,True,False
617,B1616,SJ181,64,20251223,PENDING,17A,False,False,True
618,B1617,AI070,755,20250510,INVALID,18A,False,False,False
619,B1618,AI070,770,20260119,CONFIRMED,1B,True,False,False
620,B1619,UK042,664,20260205,PENDING,13A,False,False,True
621,B1620,AI169,215,20260224,PENDING,1B,False,False,True
622,B1621,6F021,834,20251221,PENDING,27A,False,False,True
623,B1622,SJ046,166,20250623,PENDING,19F,False,False,True
624,B1623,AI211,543,20250817,CANCELLED,22B,False,True,False
625,B1624,SJ091,883,20251220,CANCELLED,34F,False,True,False
626,B1625,AI123,232,20260405,PENDING,7D,False,False,True
627,B1626,6F053,794,20250417,CANCELLED,25C,False,True,False
628,B1627,UK012,541,20260109,PENDING,27E,False,False,True
629,B1628,6F023,195,20251125,PENDING,33A,False,False,True
630,B1629,AI250,506,20260102,CONFIRMED,11A,True,False,False
631,B1630,AI238,334,20260407,PENDING,26F,False,False,True
632,B1631,UK096,768,20260217,CANCELLED,24F,False,True,False
633,B1632,UK126,793,20260330,PENDING,1D,False,False,True
634,B1633,SJ195,304,20250830,CONFIRMED,8E,True,False,False
635,B1634,SJ171,833,20251225,CANCELLED,1C,False,True,False
636,B1635,AI136,437,20250814,INVALID,7C,False,False,False
637,B1636,SJ192,323,20250527,CONFIRMED,22B,True,False,False
638,B1637,6F035,502,20251201,PENDING,27C,False,False,True
639,B1638,UK088,858,20260223,CONFIRMED,22C,True,False,False
640,B1639,6F009,914,20250914,CONFIRMED,24E,True,False,False
641,B1640,6F004,393,20260128,CANCELLED,30B,False,True,False
642,B1641,UK122,806,20260327,INVALID,28D,False,False,False
643,B1642,AI251,599,20260215,PENDING,4E,False,False,True
644,B1643,AI027,149,20260204,PENDING,14A,False,False,True
645,B1644,SJ165,761,20251020,PENDING,20E,False,False,True
646,B1645,UK081,833,20250816,CONFIRMED,17D,True,False,False
647,B1646,UK191,405,20250927,CANCELLED,28C,False,True,False
648,B1647,SJ188,283,20251106,PENDING,14F,False,False,True
649,B1648,6F016,362,20250809,CONFIRMED,33D,True,False,False
650,B1649,6F064,379,20260405,PENDING,4F,False,False,True
651,B1650,SJ105,198,20260403,INVALID,10D,False,False,False
652,B1651,SJ054,556,20250909,CANCELLED,21B,False,True,False
653,B1652,6F197,356,20251219,PENDING,23C,False,False,True
654,B1653,AI040,540,20260326,CANCELLED,31B,False,True,False
655,B1654,AI131,429,20250814,INVALID,31A,False,False,False
656,B1655,6F141,17,20251009,PENDING,7D,False,False,True
657,B1656,UK035,639,20250512,CONFIRMED,26E,True,False,False
658,B1657,AI005,379,20250828,CONFIRMED,12B,True,False,False
659,B1658,AI001,680,20250622,CONFIRMED,18D,True,False,False
660,B1659,UK211,506,20260117,PENDING,6D,False,False,True
661,B1660,SJ189,756,20260404,CANCELLED,12D,False,True,False
662,B1661,UK006,899,20250421,PENDING,18D,False,False,True
663,B1662,6F189,76,20251013,CONFIRMED,17A,True,False,False
664,B1663,AI133,231,20250516,CANCELLED,15B,False,True,False
665,B1664,SJ216,716,20251108,CONFIRMED,25B,True,False,False
666,B1665,SJ133,962,20260304,CANCELLED,29D,False,True,False
667,B1666,UK082,248,20260305,PENDING,32C,False,False,True
668,B1667,6F136,302,20260216,CANCELLED,32C,False,True,False
669,B1668,6F039,726,20250430,PENDING,3B,False,False,True
670,B1669,AI011,215,20250616,CONFIRMED,3E,True,False,False
671,B1670,SJ225,158,20250512,CANCELLED,16C,False,True,False
672,B1671,SJ024,69,20250708,CONFIRMED,22C,True,False,False
673,B1672,AI109,393,20250801,CANCELLED,14E,False,True,False
674,B1673,AI147,85,20250612,INVALID,28B,False,False,False
675,B1674,UK057,267,20251103,CANCELLED,18C,False,True,False
676,B1675,6F111,69,20250801,CANCELLED,9A,False,True,False
677,B1676,AI197,611,20260414,PENDING,24C,False,False,True
678,B1677,UK127,347,20260131,PENDING,29C,False,False,True
679,B1678,6F240,962,20251231,PENDING,24B,False,False,True
680,B1679,6F257,728,20250817,CANCELLED,25A,False,True,False
681,B1680,AI253,927,20260319,INVALID,11F,False,False,False
682,B1681,SJ135,673,20260402,CANCELLED,15C,False,True,False
683,B1682,UK112,423,20250710,CANCELLED,20B,False,True,False
684,B1683,AI050,606,20250807,CONFIRMED,9C,True,False,False
685,B1684,UK060,174,20251118,PENDING,8E,False,False,True
686,B1685,SJ183,677,20250515,CANCELLED,25E,False,True,False
687,B1686,UK138,115,20251117,CONFIRMED,23E,True,False,False
688,B1687,SJ071,220,20251012,PENDING,22F,False,False,True
689,B1688,AI057,956,20250614,PENDING,9D,False,False,True
690,B1689,SJ151,31,20250710,CANCELLED,20B,False,True,False
691,B1690,SJ144,523,20250628,PENDING,12C,False,False,True
692,B1691,SJ087,343,20260123,PENDING,12E,False,False,True
693,B1692,SJ066,377,20260402,CONFIRMED,18A,True,False,False
694,B1693,AI247,130,20260102,CONFIRMED,11F,True,False,False
695,B1694,SJ102,1000,20260401,PENDING,24D,False,False,True
696,B1695,6F252,617,20260413,CONFIRMED,4F,True,False,False
697,B1696,6F055,539,20251128,PENDING,11C,False,False,True
698,B1697,AI204,739,20251112,CANCELLED,34B,False,True,False
699,B1698,AI016,2,20260202,CONFIRMED,31D,True,False,False
700,B1699,AI209,871,20251211,PENDING,15D,False,False,True
701,B1700,SJ211,101,20260104,PENDING,14B,False,False,True
702,B1701,6F103,533,20251016,CONFIRMED,13F,True,False,False
703,B1702,UK182,58,20250422,CONFIRMED,31F,True,False,False
704,B1703,6F264,389,20251225,CANCELLED,19B,False,True,False
705,B1704,6F027,692,20250723,PENDING,29A,False,False,True
706,B1705,UK198,941,20260131,CANCELLED,3B,False,True,False
707,B1706,6F171,341,20250907,CANCELLED,15C,False,True,False
708,B1707,AI004,861,20250705,CANCELLED,1B,False,True,False
709,B1708,6F157,20,20251122,CONFIRMED,3C,True,False,False
710,B1709,AI018,255,20251003,CANCELLED,22B,False,True,False
711,B1710,UK098,317,20250805,CONFIRMED,21E,True,False,False
712,B1711,6F167,38,20260129,INVALID,4C,False,False,False
713,B1712,AI228,660,20250906,CANCELLED,17C,False,True,False
714,B1713,SJ242,537,20250831,CANCELLED,17D,False,True,False
715,B1714,6F227,386,20251211,PENDING,34C,False,False,True
716,B1715,6F037,633,20250827,CANCELLED,20C,False,True,False
717,B1716,6F107,928,20251222,PENDING,28A,False,False,True
718,B1717,SJ125,26,20251106,CANCELLED,14A,False,True,False
719,B1718,UK117,454,20250617,CANCELLED,9B,False,True,False
720,B1719,6F192,681,20251112,CANCELLED,29E,False,True,False
721,B1720,AI201,323,20251127,CANCELLED,27B,False,True,False
722,B1721,SJ126,737,20260325,PENDING,21A,False,False,True
723,B1722,AI177,513,20260210,PENDING,5E,False,False,True
724,B1723,AI092,819,20251223,CANCELLED,26B,False,True,False
725,B1724,6F076,773,20251010,CANCELLED,11D,False,True,False
726,B1725,AI185,13,20250429,PENDING,1E,False,False,True
727,B1726,AI055,915,20250514,CONFIRMED,2B,True,False,False
728,B1727,6F222,908,20260315,CONFIRMED,27D,True,False,False
729,B1728,AI090,560,20251212,CONFIRMED,1C,True,False,False
730,B1729,AI183,921,20250603,PENDING,4F,False,False,True
731,B1730,AI041,825,20250429,PENDING,25F,False,False,True
732,B1731,6F210,371,20250712,CONFIRMED,25F,True,False,False
733,B1732,AI170,291,20260115,CONFIRMED,3A,True,False,False
734,B1733,SJ008,332,20260416,CANCELLED,2E,False,True,False
735,B1734,AI049,606,20250929,PENDING,27E,False,False,True
736,B1735,SJ132,261,20250512,PENDING,34E,False,False,True
737,B1736,SJ224,994,20260126,CONFIRMED,28E,True,False,False
738,B1737,UK038,790,20250611,CONFIRMED,1E,True,False,False
739,B1738,SJ220,871,20250814,PENDING,27B,False,False,True
740,B1739,6F124,205,20250629,CANCELLED,34F,False,True,False
741,B1740,SJ164,697,20251116,CONFIRMED,14D,True,False,False
742,B1741,AI026,687,20250518,PENDING,18E,False,False,True
743,B1742,6F144,950,20250914,PENDING,16D,False,False,True
744,B1743,6F137,387,20251121,INVALID,6F,False,False,False
745,B1744,UK139,892,20250905,CANCELLED,10A,False,True,False
746,B1745,UK139,821,20250520,CONFIRMED,27B,True,False,False
747,B1746,SJ140,468,20250831,CONFIRMED,34D,True,False,False
748,B1747,6F131,415,20250420,CONFIRMED,9F,True,False,False
749,B1748,UK128,69,20251115,PENDING,9A,False,False,True
750,B1749,SJ219,472,20260219,CONFIRMED,23D,True,False,False
751,B1750,SJ159,104,20250921,PENDING,33D,False,False,True
752,B1751,UK192,758,20250919,CONFIRMED,17E,True,False,False
753,B1752,AI014,161,20250813,CANCELLED,34F,False,True,False
754,B1753,SJ152,200,20250808,CANCELLED,5C,False,True,False
755,B1754,SJ060,216,20260211,PENDING,3C,False,False,True
756,B1755,AI127,946,20260217,CANCELLED,10F,False,True,False
757,B1756,SJ096,212,20260127,PENDING,11F,False,False,True
758,B1757,AI215,508,20250424,PENDING,22B,False,False,True
759,B1758,UK009,16,20260228,CANCELLED,26B,False,True,False
760,B1759,AI171,498,20251026,PENDING,16F,False,False,True
761,B1760,UK151,884,20260114,CANCELLED,31B,False,True,False
762,B1761,AI099,332,20250522,CONFIRMED,15A,True,False,False
763,B1762,UK050,717,20250604,CONFIRMED,32B,True,False,False
764,B1763,UK092,877,20251006,CANCELLED,3B,False,True,False
765,B1764,SJ058,551,20250620,CANCELLED,13B,False,True,False
766,B1765,SJ090,601,20251221,CANCELLED,1C,False,True,False
767,B1766,6F173,942,20250907,CANCELLED,1F,False,True,False
768,B1767,AI186,256,20251119,CONFIRMED,6D,True,False,False
769,B1768,AI130,992,20260323,PENDING,13C,False,False,True
770,B1769,SJ111,766,20251123,INVALID,6F,False,False,False
771,B1770,6F203,728,20250804,CONFIRMED,8D,True,False,False
772,B1771,6F138,880,20250524,PENDING,1F,False,False,True
773,B1772,6F109,815,20250829,INVALID,10B,False,False,False
774,B1773,AI074,172,20260101,PENDING,16E,False,False,True
775,B1774,UK161,649,20260107,CANCELLED,1B,False,True,False
776,B1775,AI008,1000,20250619,CANCELLED,14B,False,True,False
777,B1776,UK121,498,20251227,CANCELLED,17A,False,True,False
778,B1777,6F154,471,20250426,CONFIRMED,11A,True,False,False
779,B1778,6F161,384,20250801,CONFIRMED,10D,True,False,False
780,B1779,6F153,690,20260201,PENDING,22B,False,False,True
781,B1780,6F225,589,20260210,PENDING,11B,False,False,True
782,B1781,AI191,700,20260209,PENDING,18C,False,False,True
783,B1782,AI218,507,20250818,CONFIRMED,25F,True,False,False
784,B1783,6F267,992,20250928,PENDING,25D,False,False,True
785,B1784,UK125,527,20250820,CANCELLED,1B,False,True,False
786,B1785,6F208,804,20250819,PENDING,1B,False,False,True
787,B1786,6F119,831,20260212,CANCELLED,26B,False,True,False
788,B1787,AI063,325,20250711,CONFIRMED,1E,True,False,False
789,B1788,UK016,214,20250605,CANCELLED,2B,False,True,False
790,B1789,6F048,208,20260113,CANCELLED,30F,False,True,False
791,B1790,6F266,169,20250423,CANCELLED,28A,False,True,False
792,B1791,AI167,330,20260224,CONFIRMED,3C,True,False,False
793,B1792,6F165,280,20260117,CONFIRMED,8E,True,False,False
794,B1793,SJ104,978,20251125,CONFIRMED,14C,True,False,False
795,B1794,UK160,305,20250626,CONFIRMED,8D,True,False,False
796,B1795,UK160,146,20260321,PENDING,9C,False,False,True
797,B1796,SJ230,775,20251128,CONFIRMED,9B,True,False,False
798,B1797,AI042,516,20250603,CANCELLED,1A,False,True,False
799,B1798,UK197,90,20250516,CONFIRMED,23E,True,False,False
800,B1799,AI107,453,20260205,PENDING,16E,False,False,True
801,B1800,SJ128,60,20250822,PENDING,7F,False,False,True
802,B1801,6F121,311,20260414,PENDING,34F,False,False,True
803,B1802,AI111,528,20250630,INVALID,16B,False,False,False
804,B1803,SJ137,227,20260221,CONFIRMED,24F,True,False,False
805,B1804,AI232,474,20251112,CONFIRMED,1F,True,False,False
806,B1805,SJ113,978,20251026,CONFIRMED,14B,True,False,False
807,B1806,AI117,541,20250802,CANCELLED,17A,False,True,False
808,B1807,6F185,663,20250628,CANCELLED,12C,False,True,False
809,B1808,AI194,757,20260126,PENDING,3B,False,False,True
810,B1809,UK045,782,20260409,PENDING,13B,False,False,True
811,B1810,6F228,79,20260320,CONFIRMED,34B,True,False,False
812,B1811,SJ190,433,20260404,CANCELLED,25A,False,True,False
813,B1812,AI156,801,20260106,CANCELLED,8A,False,True,False
814,B1813,AI104,153,20250421,INVALID,9D,False,False,False
815,B1814,UK033,789,20250622,CONFIRMED,26C,True,False,False
816,B1815,UK137,401,20250501,PENDING,3C,False,False,True
817,B1816,UK214,279,20250621,PENDING,20F,False,False,True
818,B1817,6F033,57,20250607,PENDING,28D,False,False,True
819,B1818,AI114,977,20251107,CONFIRMED,26B,True,False,False
820,B1819,AI017,186,20260119,CONFIRMED,21E,True,False,False
821,B1820,6F244,398,20251201,PENDING,18E,False,False,True
822,B1821,6F160,605,20251127,PENDING,1C,False,False,True
823,B1822,6F088,788,20260105,CANCELLED,17D,False,True,False
824,B1823,6F155,158,20251126,CANCELLED,19E,False,True,False
825,B1824,AI095,787,20260415,PENDING,9B,False,False,True
826,B1825,6F139,693,20250517,PENDING,5E,False,False,True
827,B1826,6F101,359,20250711,CANCELLED,19A,False,True,False
828,B1827,AI054,440,20250623,PENDING,20D,False,False,True
829,B1828,SJ094,589,20250518,CANCELLED,25B,False,True,False
830,B1829,6F217,466,20260115,CANCELLED,4E,False,True,False
831,B1830,6F100,663,20260415,CANCELLED,23C,False,True,False
832,B1831,6F081,446,20260205,CONFIRMED,21C,True,False,False
833,B1832,SJ156,750,20250617,CONFIRMED,4D,True,False,False
834,B1833,6F060,801,20250607,PENDING,27D,False,False,True
835,B1834,UK129,743,20250814,CANCELLED,33E,False,True,False
836,B1835,UK032,488,20260207,CONFIRMED,2E,True,False,False
837,B1836,AI166,530,20250923,PENDING,13A,False,False,True
838,B1837,SJ056,73,20251031,PENDING,22F,False,False,True
839,B1838,SJ101,929,20250612,PENDING,18F,False,False,True
840,B1839,SJ065,928,20250509,PENDING,9C,False,False,True
841,B1840,SJ100,701,20250419,PENDING,34A,False,False,True
842,B1841,UK011,950,20251024,CANCELLED,1E,False,True,False
843,B1842,6F062,17,20260217,PENDING,3B,False,False,True
844,B1843,SJ176,531,20250815,CANCELLED,23E,False,True,False
845,B1844,6F120,731,20251126,CONFIRMED,3B,True,False,False
846,B1845,AI121,326,20260305,PENDING,24A,False,False,True
847,B1846,UK072,995,20250830,CONFIRMED,34F,True,False,False
848,B1847,AI006,632,20260406,CANCELLED,11B,False,True,False
849,B1848,SJ231,613,20250519,CANCELLED,30D,False,True,False
850,B1849,SJ129,546,20250624,INVALID,12E,False,False,False
851,B1850,6F110,596,20250421,PENDING,33B,False,False,True
852,B1851,6F231,921,20251126,PENDING,2D,False,False,True
853,B1852,6F095,708,20250809,CONFIRMED,33E,True,False,False
854,B1853,UK054,842,20250505,CONFIRMED,18F,True,False,False
855,B1854,SJ123,202,20250810,CONFIRMED,29D,True,False,False
856,B1855,6F006,344,20260104,PENDING,3D,False,False,True
857,B1856,UK226,853,20250504,PENDING,4E,False,False,True
858,B1857,AI065,523,20260307,PENDING,17E,False,False,True
859,B1858,6F008,859,20251125,INVALID,10B,False,False,False
860,B1859,AI195,400,20251111,PENDING,7B,False,False,True
861,B1860,UK043,218,20250801,INVALID,3A,False,False,False
862,B1861,AI125,445,20251015,CONFIRMED,25E,True,False,False
863,B1862,AI089,765,20251005,PENDING,21A,False,False,True
864,B1863,UK019,222,20260212,CONFIRMED,22C,True,False,False
865,B1864,UK078,383,20250927,CANCELLED,22C,False,True,False
866,B1865,SJ009,881,20250728,CANCELLED,15E,False,True,False
867,B1866,UK178,592,20260128,CONFIRMED,7A,True,False,False
868,B1867,UK018,7,20251123,CONFIRMED,13D,True,False,False
869,B1868,SJ059,272,20260410,CANCELLED,29E,False,True,False
870,B1869,UK108,739,20260204,CONFIRMED,19C,True,False,False
871,B1870,6F045,16,20250425,CANCELLED,5D,False,True,False
872,B1871,AI144,424,20251004,CANCELLED,23E,False,True,False
873,B1872,AI244,524,20250709,PENDING,26E,False,False,True
874,B1873,6F265,803,20250425,CONFIRMED,11B,True,False,False
875,B1874,6F108,753,20260126,CONFIRMED,16E,True,False,False
876,B1875,6F069,21,20250617,PENDING,17D,False,False,True
877,B1876,6F072,690,20250614,CANCELLED,18F,False,True,False
878,B1877,6F096,939,20251109,CONFIRMED,33F,True,False,False
879,B1878,SJ233,228,20251231,PENDING,31D,False,False,True
880,B1879,AI203,785,20251203,PENDING,9E,False,False,True
881,B1880,UK147,288,20260308,CONFIRMED,2E,True,False,False
882,B1881,UK039,809,20250826,PENDING,8E,False,False,True
883,B1882,6F216,134,20251017,CANCELLED,18B,False,True,False
884,B1883,AI214,984,20251117,PENDING,5B,False,False,True
885,B1884,UK025,283,20250831,CANCELLED,31D,False,True,False
886,B1885,UK053,404,20250810,CANCELLED,11B,False,True,False
887,B1886,6F130,665,20260212,INVALID,9D,False,False,False
888,B1887,6F247,66,20260309,PENDING,23F,False,False,True
889,B1888,6F159,649,20251225,CANCELLED,25C,False,True,False
890,B1889,UK086,604,20260224,CANCELLED,22C,False,True,False
891,B1890,6F102,437,20250830,PENDING,12E,False,False,True
892,B1891,UK186,829,20260126,CANCELLED,18D,False,True,False
893,B1892,6F032,934,20250824,PENDING,17F,False,False,True
894,B1893,6F186,259,20250802,CONFIRMED,19A,True,False,False
895,B1894,6F106,980,20260224,CANCELLED,4F,False,True,False
896,B1895,AI021,966,20251005,CANCELLED,14E,False,True,False
897,B1896,AI157,103,20251130,PENDING,11F,False,False,True
898,B1897,6F054,993,20251101,PENDING,26F,False,False,True
899,B1898,AI187,567,20251003,PENDING,10D,False,False,True
900,B1899,SJ124,769,20250928,PENDING,4B,False,False,True
901,B1900,SJ223,101,20251006,CANCELLED,11C,False,True,False
902,B1901,UK103,198,20250425,CONFIRMED,21A,True,False,False
903,B1902,SJ157,813,20260208,CONFIRMED,14F,True,False,False
904,B1903,6F242,226,20251106,CONFIRMED,9B,True,False,False
905,B1904,UK213,943,20250701,CONFIRMED,8B,True,False,False
906,B1905,SJ120,463,20260213,PENDING,24B,False,False,True
907,B1906,AI035,237,20250811,CANCELLED,22B,False,True,False
908,B1907,6F147,26,20260114,CANCELLED,1B,False,True,False
909,B1908,SJ229,121,20250809,CANCELLED,23B,False,True,False
910,B1909,AI230,910,20251114,PENDING,31B,False,False,True
911,B1910,UK162,506,20250610,CANCELLED,5C,False,True,False
912,B1911,AI066,182,20250529,PENDING,27C,False,False,True
913,B1912,6F205,711,20250909,CANCELLED,19D,False,True,False
914,B1913,AI124,814,20250524,CONFIRMED,27B,True,False,False
915,B1914,UK114,767,20251019,PENDING,20A,False,False,True
916,B1915,AI231,634,20250603,CANCELLED,18B,False,True,False
917,B1916,AI113,543,20251030,CONFIRMED,7D,True,False,False
918,B1917,UK180,984,20250803,INVALID,27A,False,False,False
919,B1918,UK180,315,20251007,CONFIRMED,2B,True,False,False
920,B1919,6F080,991,20260317,PENDING,7C,False,False,True
921,B1920,SJ095,797,20250511,PENDING,14A,False,False,True
922,B1921,SJ115,618,20250424,CANCELLED,21F,False,True,False
923,B1922,AI142,736,20250514,CONFIRMED,7D,True,False,False
924,B1923,UK169,273,20251128,CANCELLED,33F,False,True,False
925,B1924,SJ041,910,20250504,CANCELLED,27D,False,True,False
926,B1925,UK171,232,20250420,CONFIRMED,7D,True,False,False
927,B1926,AI081,420,20251127,CANCELLED,18F,False,True,False
928,B1927,AI162,768,20260128,PENDING,27D,False,False,True
929,B1928,SJ037,442,20260123,CANCELLED,6F,False,True,False
930,B1929,SJ037,496,20251105,CONFIRMED,6A,True,False,False
931,B1930,UK080,24,20251216,PENDING,3B,False,False,True
932,B1931,SJ031,109,20250926,PENDING,16C,False,False,True
933,B1932,AI199,703,20251228,CANCELLED,4B,False,True,False
934,B1933,6F082,502,20250528,CANCELLED,7B,False,True,False
935,B1934,UK217,859,20260412,PENDING,9F,False,False,True
936,B1935,UK014,25,20260413,CANCELLED,6C,False,True,False
937,B1936,SJ180,187,20260111,CONFIRMED,14D,True,False,False
938,B1937,6F268,288,20260219,CANCELLED,16E,False,True,False
939,B1938,UK205,628,20260407,CANCELLED,19B,False,True,False
940,B1939,SJ212,338,20250722,PENDING,22B,False,False,True
941,B1940,UK052,878,20250625,CANCELLED,17C,False,True,False
942,B1941,UK230,914,20250613,CANCELLED,19D,False,True,False
943,B1942,AI145,37,20250718,CANCELLED,23D,False,True,False
944,B1943,SJ035,794,20260313,CONFIRMED,7E,True,False,False
945,B1944,SJ184,137,20250720,CANCELLED,10B,False,True,False
946,B1945,6F207,508,20251103,CONFIRMED,24A,True,False,False
947,B1946,UK144,227,20260330,CONFIRMED,15A,True,False,False
948,B1947,AI126,320,20251022,CONFIRMED,1A,True,False,False
949,B1948,SJ145,840,20250519,CONFIRMED,10A,True,False,False
950,B1949,6F040,916,20250516,PENDING,15B,False,False,True
951,B1950,UK049,182,20250615,CONFIRMED,21B,True,False,False
952,B1951,UK049,874,20260318,CANCELLED,3F,False,True,False
953,B1952,AI087,86,20251018,CONFIRMED,2C,True,False,False
954,B1953,AI152,467,20250524,CANCELLED,19A,False,True,False
955,B1954,SJ240,926,20251106,CONFIRMED,2A,True,False,False
956,B1955,AI212,53,20250914,PENDING,22B,False,False,True
957,B1956,AI064,860,20250921,CONFIRMED,3B,True,False,False
958,B1957,6F093,867,20250607,CONFIRMED,32E,True,False,False
959,B1958,AI118,235,20250428,PENDING,29C,False,False,True
960,B1959,AI172,959,20251219,CONFIRMED,23D,True,False,False
961,B1960,6F183,779,20260130,CANCELLED,27E,False,True,False
962,B1961,6F200,799,20250715,CONFIRMED,28A,True,False,False
963,B1962,SJ077,433,20251223,CONFIRMED,18C,True,False,False
964,B1963,UK030,496,20260224,CONFIRMED,27F,True,False,False
965,B1964,SJ232,999,20250521,PENDING,18B,False,False,True
966,B1965,6F090,100,20260129,CONFIRMED,20D,True,False,False
967,B1966,UK002,990,20251106,CONFIRMED,12B,True,False,False
968,B1967,AI154,599,20250703,CANCELLED,22C,False,True,False
969,B1968,6F089,403,20251011,CONFIRMED,2D,True,False,False
970,B1969,6F218,396,20260408,CONFIRMED,29A,True,False,False
971,B1970,6F241,527,20251126,CONFIRMED,12B,True,False,False
972,B1971,6F116,415,20250820,CONFIRMED,2B,True,False,False
973,B1972,UK199,939,20250418,CANCELLED,19B,False,True,False
974,B1973,SJ033,613,20250428,CANCELLED,8C,False,True,False
975,B1974,AI210,677,20250803,PENDING,15B,False,False,True
976,B1975,UK148,463,20250826,INVALID,20E,False,False,False
977,B1976,AI229,541,20250827,PENDING,16F,False,False,True
978,B1977,UK005,626,20260101,PENDING,4A,False,False,True
979,B1978,SJ080,619,20251207,CONFIRMED,12C,True,False,False
980,B1979,SJ092,922,20251202,CANCELLED,1F,False,True,False
981,B1980,SJ055,364,20251204,CANCELLED,15A,False,True,False
982,B1981,AI239,130,20250517,CONFIRMED,19D,True,False,False
983,B1982,6F162,84,20250617,INVALID,7A,False,False,False
984,B1983,UK101,271,20250628,INVALID,27A,False,False,False
985,B1984,6F198,244,20250425,CONFIRMED,27F,True,False,False
986,B1985,6F239,388,20250928,CONFIRMED,31F,True,False,False
987,B1986,SJ177,214,20251007,CONFIRMED,13F,True,False,False
988,B1987,6F044,818,20260312,CANCELLED,19F,False,True,False
989,B1988,6F248,166,20260217,PENDING,13A,False,False,True
990,B1989,6F002,791,20251210,INVALID,16F,False,False,False
991,B1990,SJ197,59,20260331,CONFIRMED,14B,True,False,False
992,B1991,UK091,602,20260114,CANCELLED,22E,False,True,False
993,B1992,6F215,883,20250425,CONFIRMED,25C,True,False,False
994,B1993,AI093,843,20260311,CANCELLED,5B,False,True,False
995,B1994,UK090,924,20260331,CONFIRMED,21D,True,False,False
996,B1995,SJ005,504,20251120,CANCELLED,11C,False,True,False
997,B1996,UK106,706,20250808,CANCELLED,27E,False,True,False
998,B1997,6F223,123,20250503,PENDING,27B,False,False,True
999,B1998,6F011,648,20251023,CONFIRMED,14C,True,False,False
1000,B1999,UK124,413,20250808,INVALID,12B,False,False,False
