payment_id,booking_id,amount,payment_method,dq_rule,dq_severity,dq_reason
PAY1019,B1875,INVALID,NETBANKING,PY003,HIGH,Non-numeric payment amount
PAY1033,B1012,INVALID,CARD,PY003,HIGH,Non-numeric payment amount
PAY1077,B1501,INVALID,UPI,PY003,HIGH,Non-numeric payment amount
PAY1173,B1722,INVALID,CARD,PY003,HIGH,Non-numeric payment amount
PAY1213,B1725,INVALID,NETBANKING,PY003,HIGH,Non-numeric payment amount
PAY1244,B1844,INVALID,CARD,PY003,HIGH,Non-numeric payment amount
PAY1249,B1816,INVALID,NETBANKING,PY003,HIGH,Non-numeric payment amount
PAY1290,B1605,INVALID,CARD,PY003,HIGH,Non-numeric payment amount
PAY1323,B1314,INVALID,NETBANKING,PY003,HIGH,Non-numeric payment amount
PAY1408,B1146,INVALID,UPI,PY003,HIGH,Non-numeric payment amount
PAY1428,B1490,INVALID,CARD,PY003,HIGH,Non-numeric payment amount
PAY1433,B1225,INVALID,CARD,PY003,HIGH,Non-numeric payment amount
PAY1448,B1235,INVALID,NETBANKING,PY003,HIGH,Non-numeric payment amount
PAY1450,B1227,INVALID,CARD,PY003,HIGH,Non-numeric payment amount
PAY1488,B1763,INVALID,CARD,PY003,HIGH,Non-numeric payment amount
PAY1534,B1010,INVALID,NETBANKING,PY003,HIGH,Non-numeric payment amount
PAY1576,B1581,INVALID,UPI,PY003,HIGH,Non-numeric payment amount
PAY1590,B1144,INVALID,CARD,PY003,HIGH,Non-numeric payment amount
PAY1677,B1756,INVALID,NETBANKING,PY003,HIGH,Non-numeric payment amount
PAY1683,B1045,INVALID,NETBANKING,PY003,HIGH,Non-numeric payment amount
PAY1700,B1140,INVALID,CARD,PY003,HIGH,Non-numeric payment amount
PAY1739,B1443,INVALID,UPI,PY003,HIGH,Non-numeric payment amount
PAY1756,B1699,INVALID,NETBANKING,PY003,HIGH,Non-numeric payment amount
PAY1778,B1576,INVALID,CARD,PY003,HIGH,Non-numeric payment amount
PAY1817,B1367,INVALID,UPI,PY003,HIGH,Non-numeric payment amount
PAY1832,B1173,INVALID,UPI,PY003,HIGH,Non-numeric payment amount
PAY1850,B1369,INVALID,CARD,PY003,HIGH,Non-numeric payment amount
PAY1852,B1151,INVALID,CARD,PY003,HIGH,Non-numeric payment amount
PAY1897,B1106,INVALID,UPI,PY003,HIGH,Non-numeric payment amount
PAY1981,B1324,INVALID,CARD,PY003,HIGH,Non-numeric payment amount
PAY1018,B1798,,CARD,PY004,HIGH,Missing payment amount
PAY1024,B1523,,CARD,PY004,HIGH,Missing payment amount
PAY1026,B1120,,CARD,PY004,HIGH,Missing payment amount
PAY1060,B1572,,NETBANKING,PY004,HIGH,Missing payment amount
PAY1069,B1578,,UPI,PY004,HIGH,Missing payment amount
PAY1071,B1174,,NETBANKING,PY004,HIGH,Missing payment amount
PAY1184,B1019,,UPI,PY004,HIGH,Missing payment amount
PAY1186,B1132,,UPI,PY004,HIGH,Missing payment amount
PAY1207,B1159,,CARD,PY004,HIGH,Missing payment amount
PAY1220,B1805,,CARD,PY004,HIGH,Missing payment amount
PAY1256,B1124,,CARD,PY004,HIGH,Missing payment amount
PAY1269,B1660,,CARD,PY004,HIGH,Missing payment amount
PAY1273,B1341,,NETBANKING,PY004,HIGH,Missing payment amount
PAY1283,B1118,,NETBANKING,PY004,HIGH,Missing payment amount
PAY1311,B1930,,UPI,PY004,HIGH,Missing payment amount
PAY1328,B1990,,UPI,PY004,HIGH,Missing payment amount
PAY1344,B1389,,NETBANKING,PY004,HIGH,Missing payment amount
PAY1361,B1702,,NETBANKING,PY004,HIGH,Missing payment amount
PAY1387,B1997,,UPI,PY004,HIGH,Missing payment amount
PAY1392,B1359,,CARD,PY004,HIGH,Missing payment amount
PAY1456,B1342,,NETBANKING,PY004,HIGH,Missing payment amount
PAY1460,B1178,,NETBANKING,PY004,HIGH,Missing payment amount
PAY1548,B1896,,CARD,PY004,HIGH,Missing payment amount
PAY1568,B1932,,UPI,PY004,HIGH,Missing payment amount
PAY1581,B1531,,UPI,PY004,HIGH,Missing payment amount
PAY1591,B1568,,NETBANKING,PY004,HIGH,Missing payment amount
PAY1599,B1517,,CARD,PY004,HIGH,Missing payment amount
PAY1615,B1730,,NETBANKING,PY004,HIGH,Missing payment amount
PAY1623,B1111,,NETBANKING,PY004,HIGH,Missing payment amount
PAY1644,B1521,,UPI,PY004,HIGH,Missing payment amount
PAY1657,B1821,,UPI,PY004,HIGH,Missing payment amount
PAY1664,B1033,,UPI,PY004,HIGH,Missing payment amount
PAY1704,B1446,,UPI,PY004,HIGH,Missing payment amount
PAY1705,B1289,,UPI,PY004,HIGH,Missing payment amount
PAY1710,B1426,,CARD,PY004,HIGH,Missing payment amount
PAY1721,B1254,,UPI,PY004,HIGH,Missing payment amount
PAY1742,B1532,,CARD,PY004,HIGH,Missing payment amount
PAY1748,B1821,,CARD,PY004,HIGH,Missing payment amount
PAY1757,B1056,,CARD,PY004,HIGH,Missing payment amount
PAY1766,B1923,,UPI,PY004,HIGH,Missing payment amount
PAY1838,B1241,,NETBANKING,PY004,HIGH,Missing payment amount
PAY1890,B1272,,UPI,PY004,HIGH,Missing payment amount
PAY1921,B1514,,UPI,PY004,HIGH,Missing payment amount
PAY1922,B1192,,UPI,PY004,HIGH,Missing payment amount
PAY1925,B1872,,NETBANKING,PY004,HIGH,Missing payment amount
PAY1949,B1376,,UPI,PY004,HIGH,Missing payment amount
PAY1961,B1585,,UPI,PY004,HIGH,Missing payment amount
PAY1992,B1997,,CARD,PY004,HIGH,Missing payment amount
